기준년월,	HSK품목코드,	수출입구분코드,	수산물수출입품목명,	수출입구분명,	당월수출입중량(킬로그램),	당월수출입미화금액(달러),	당해누계수출입중량(킬로그램),	당해누계수출입미화금액(달러),	데이터기준일자	
"2022-04","0106903010","E","갯지렁이","수출","144","11172","144","11172","2022-04-30"
"2022-04","0301992000","E","방어(활어)","수출","0","0","251263","2288713","2022-04-30"
"2022-04","0301994091","E","돔(기타/ 참돔)","수출","32","1927","52","2282","2022-04-30"
"2022-04","0301994099","E","돔(기타/ 기타)","수출","0","0","266","2845","2022-04-30"
"2022-04","0301995000","E","붕장어(활어)","수출","91437","1041741","389475","4346207","2022-04-30"
"2022-04","0301996000","E","갯장어(sharp toothed eel/활어)","수출","100","4068","100","4068","2022-04-30"
"2022-04","0301998000","E","넙치(활어)","수출","165062","3123952","613052","12291086","2022-04-30"
"2022-04","0301999020","E","복어(활어)","수출","0","0","237","8277","2022-04-30"
"2022-04","0301999040","E","볼락(적어포함/활어)","수출","160","5114","593","16329","2022-04-30"
"2022-04","0301999059","E","농어(기타)","수출","16","474","16","474","2022-04-30"
"2022-04","0301999060","E","숭어(활어)","수출","20","233","153","1582","2022-04-30"
"2022-04","0301999070","E","미꾸라지(활어)","수출","401","7748","2137","41501","2022-04-30"
"2022-04","0301999099","E","기타어류(활어)","수출","3707","148357","9094","354909","2022-04-30"
"2022-04","0302140000","E","대서양 연어(신선 또는 냉장)(살모 살라) 및 다뉴브 연어(후코 후코)","수출","1160","41726","3360","103810","2022-04-30"
"2022-04","0302210000","E","넙치(간장/ 어란제외/신선/ 냉장/피레트/ 어육제외)","수출","10025","222170","44807","970446","2022-04-30"
"2022-04","0302220000","E","가자미(간장/ 어란제외/신선/ 냉장/피레트/어육제외)","수출","0","0","2999","4770","2022-04-30"
"2022-04","0302240000","E","터벗(신선 또는 냉장)(프세타 맥시마)","수출","3191","129200","3794","149081","2022-04-30"
"2022-04","0302290000","E","기타 넙치류(간장/ 어란제외/신선/ 냉장/피레트/ 어육제외)","수출","15774","131002","97504","572714","2022-04-30"
"2022-04","0302352000","E","태평양 참다랑어(신선 또는 냉장)(터너스 오리엔탈리스)","수출","0","0","18248","92445","2022-04-30"
"2022-04","0302360000","E","남방참다랑어(터너스 맥코이/신선/냉장)","수출","0","0","178978","718763","2022-04-30"
"2022-04","0302390000","E","기타(신선/냉장)","수출","0","0","182159","861462","2022-04-30"
"2022-04","0302410000","E","청어(신선 또는 냉장)(클루페아 하렌구스/클루페아 팔라시)","수출","2850","2059","32329","22824","2022-04-30"
"2022-04","0302420000","E","멸치(신선 또는 냉장)(엔그라울리스종)","수출","0","0","113","1793","2022-04-30"
"2022-04","0302440000","E","고등어(신선 또는 냉장)(스콤버-스콤브루스/오스트랄시쿠스/자포니쿠스))","수출","0","0","7854","48142","2022-04-30"
"2022-04","0302491000","E","삼치[스콤버로모러스(Scomberomorus)종]","수출","13969","75276","84546","498348","2022-04-30"
"2022-04","0302492000","E","병어[팜푸스(Pampus)종]","수출","23","431","106","2900","2022-04-30"
"2022-04","0302740000","E","뱀장어(신선 또는 냉장)(앵귈라종)","수출","0","0","9","82","2022-04-30"
"2022-04","0302790000","E","기타(신선 또는 냉장)(틸라피아/메기/잉어/뱀장어 외 기타)","수출","1","17","2","28","2022-04-30"
"2022-04","0302820000","E","가오리와 홍어(라지대과)(신선 또는 냉장)","수출","3","71","883","15563","2022-04-30"
"2022-04","0302840000","E","농어(냉동)(디센트라르쿠스종)","수출","0","0","16","563","2022-04-30"
"2022-04","0302850000","E","돔(신선 또는 냉장)(스파리대과)","수출","39","647","99","1533","2022-04-30"
"2022-04","0302891000","E","방어(신선 또는 냉장)","수출","692","3969","172799","372562","2022-04-30"
"2022-04","0302892000","E","갈치(신선 또는 냉장)","수출","21","403","10334","114031","2022-04-30"
"2022-04","0302893000","E","붕장어(신선 또는 냉장)","수출","618","11823","4455","68294","2022-04-30"
"2022-04","0302895000","E","꽁치(신선 또는 냉장)(학꽁치를 포함한다)","수출","6558","50012","36607","258230","2022-04-30"
"2022-04","0302896000","E","돔(신선 또는 냉장)(스파리대과를 제외한다)","수출","5760","13314","22707","70800","2022-04-30"
"2022-04","0302899020","E","복어(신선 또는 냉장)","수출","0","0","362","8111","2022-04-30"
"2022-04","0302899040","E","아귀(신선 또는 냉장)","수출","97","213","201732","667129","2022-04-30"
"2022-04","0302899090","E","기타(신선 또는 냉장)(삼치/복어/병어/아귀 외 기타)","수출","59918","1028790","278462","5232407","2022-04-30"
"2022-04","0302911000","E","간","수출","0","0","210","721","2022-04-30"
"2022-04","0302912000","E","어란(魚卵)ㆍ어백(魚白)","수출","0","0","10000","230015","2022-04-30"
"2022-04","0303110000","E","소크아이 연어(홍연어/옹코링쿠스 넬카)","수출","0","0","329181","2870570","2022-04-30"
"2022-04","0303120000","E","그 밖의 태평양 연어(옹코링쿠스 고르부스카/옹코링쿠스 케타/옹코링쿠스 차비차/옹코링쿠스 키수츠/옹코링쿠스 마소/옹코링쿠스 로두루스)","수출","7107799","18054018","20643583","48711211","2022-04-30"
"2022-04","0303130000","E","대서양연어(냉동)(살모 살라)와 다뉴브연어(후코 후코)","수출","975","1098","975","1098","2022-04-30"
"2022-04","0303140000","E","송어(살모 트루타/옹코링쿠스-미키스/클라키/아구아보니타/길래/아파케/크리소가스터)","수출","0","0","12","334","2022-04-30"
"2022-04","0303260000","E","뱀장어(냉동)(앵귈라종)","수출","0","0","148","2364","2022-04-30"
"2022-04","0303290000","E","연어(송어/ 대서양연어 등 이외 기타/냉동/피레트/ 어육제외)","수출","587","22185","21635","105830","2022-04-30"
"2022-04","0303310000","E","넙치[레인하드티우스 히포글러소이데스/히포글러서스 히포글러서스/히포글러서스 스테노레피스)","수출","20","734","251437","2179057","2022-04-30"
"2022-04","0303320000","E","가자미(플루로넥테스 플라테사)","수출","1005","12742","41600","54133","2022-04-30"
"2022-04","0303330000","E","서대(간장/ 어란제외/냉동/피레트/ 어육제외)","수출","2529","24255","9014","45667","2022-04-30"
"2022-04","0303391000","E","기타넙치류(냉동)","수출","61672","84991","330246","557361","2022-04-30"
"2022-04","0303399000","E","기타넙치류(냉동)","수출","23954","87963","121068","305662","2022-04-30"
"2022-04","0303410000","E","날개다랑어 또는 긴지느러미다랑어(터너스알라룽가/냉동)","수출","47696","141175","207441","668758","2022-04-30"
"2022-04","0303420000","E","황다랑어(터너스 알바카레스/냉동)","수출","5278028","12764323","17377011","41984171","2022-04-30"
"2022-04","0303430000","E","가다랑어 또는 줄무늬버니토우(냉동)","수출","21874527","31832609","30057977","43408512","2022-04-30"
"2022-04","0303440000","E","눈다랑어(냉동)","수출","567129","1333438","939869","2674139","2022-04-30"
"2022-04","0303451000","E","대서양 참다랑어(냉동)(터너스 티너스)","수출","0","0","48244","871762","2022-04-30"
"2022-04","0303452000","E","태평양 참다랑어(냉동)(터너스 오리엔탈리스)","수출","0","0","308273","2109980","2022-04-30"
"2022-04","0303460000","E","남방참다랑어(터너스맥코이/냉동)","수출","0","0","336852","4599795","2022-04-30"
"2022-04","0303490000","E","기타(냉동)","수출","90","5632","484392","472048","2022-04-30"
"2022-04","0303510000","E","청어(클루페아 하렌구스/클루페아 팔라시)","수출","1817774","1258946","13478028","10273871","2022-04-30"
"2022-04","0303530000","E","정어리(냉동)(사르디나 필차르두스/사르디노프스종)","수출","392795","225242","2720387","1674743","2022-04-30"
"2022-04","0303540000","E","고등어(스콤버 스콤브루스/스콤버 오스트랄라시쿠스/스콤버 자포니쿠스)","수출","2751458","2670020","33903253","29973379","2022-04-30"
"2022-04","0303550000","E","전갱이(냉동)(트라커러스종)","수출","443382","650821","4548388","6529204","2022-04-30"
"2022-04","0303570000","E","황새치(자이피어스글래디어스)","수출","382188","2848393","1113572","8491048","2022-04-30"
"2022-04","0303591000","E","삼치[스콤버로모러스(Scomberomorus)종]","수출","1024524","3470640","5422594","17366076","2022-04-30"
"2022-04","0303592000","E","꽁치[콜로라비스 사이라(Cololabis saira)]","수출","458","1901","67756","241699","2022-04-30"
"2022-04","0303599000","E","기타","수출","122961","507071","957192","3582759","2022-04-30"
"2022-04","0303630000","E","대구(가두스 모르화/가두스 오각/가두스 마크로세팔루스)","수출","3059399","12734461","9288265","40563074","2022-04-30"
"2022-04","0303640000","E","민대구(메루키우스종/유르피키스종)","수출","0","0","106825","317661","2022-04-30"
"2022-04","0303660000","E","민대구(냉동)(메루키우스종 등 2종)","수출","54015","87325","412579","808666","2022-04-30"
"2022-04","0303670000","E","명태(냉동)(테라그라 찰코그라마)","수출","23712317","30598253","72081872","86474810","2022-04-30"
"2022-04","0303699000","E","기타(냉동)(새꼬리민태 외 기타)","수출","0","0","134782","257665","2022-04-30"
"2022-04","0303810000","E","곱상어와 기타 상어(냉동)","수출","16568","22024","16568","22024","2022-04-30"
"2022-04","0303821000","E","가오리(냉동)","수출","0","0","39202","90182","2022-04-30"
"2022-04","0303822000","E","홍어(냉동)","수출","29828","61078","30273","68942","2022-04-30"
"2022-04","0303830000","E","이빨고기(냉동)(디소스티쿠스종)","수출","611443","19750334","1565352","49505196","2022-04-30"
"2022-04","0303840000","E","농어(신선 또는 냉장)(디센트라르쿠스종)","수출","92444","215489","153131","420636","2022-04-30"
"2022-04","0303891000","E","은대구(냉동)","수출","0","0","2052","18469","2022-04-30"
"2022-04","0303892000","E","갈치(냉동)","수출","258431","741234","886067","3849341","2022-04-30"
"2022-04","0303893010","E","옥돔(냉동)(브랜치오스테거스 자포니커스)","수출","56","1911","506","22653","2022-04-30"
"2022-04","0303893090","E","돔(냉동)(기타)","수출","8350","23984","47395","115430","2022-04-30"
"2022-04","0303894000","E","붕장어(냉동)","수출","20980","223792","67769","561658","2022-04-30"
"2022-04","0303895010","E","조기(냉동)","수출","10861","270459","13382","284415","2022-04-30"
"2022-04","0303895020","E","조기(냉동)","수출","0","0","270","1148","2022-04-30"
"2022-04","0303895090","E","조기(냉동)","수출","4012","25450","18709","167619","2022-04-30"
"2022-04","0303896000","E","꽁치(냉동)(학꽁치를 포함한다)","수출","0","0","155290","338471","2022-04-30"
"2022-04","0303899030","E","달고기(냉동)","수출","195","1968","11595","8772","2022-04-30"
"2022-04","0303899040","E","임연수어(냉동)","수출","1080","3363","760177","1390005","2022-04-30"
"2022-04","0303899050","E","볼낙(냉동)(적어를 포함한다)","수출","32720","197010","460325","1289549","2022-04-30"
"2022-04","0303899060","E","아귀(냉동)","수출","13737","49484","33792","130741","2022-04-30"
"2022-04","0303899070","E","먹장어(냉동)(대서양 또는 태평양)","수출","40","352","331","3469","2022-04-30"
"2022-04","0303899091","E","민어(냉동)","수출","5155","30898","65182","108204","2022-04-30"
"2022-04","0303899092","E","까나리(냉동)","수출","0","0","5200","35423","2022-04-30"
"2022-04","0303899099","E","기타어류(냉동)","수출","3004837","5096961","11284482","18838280","2022-04-30"
"2022-04","0303911000","E","간","수출","160","1419","540","4798","2022-04-30"
"2022-04","0303912010","E","명란","수출","193587","1337029","658688","4321717","2022-04-30"
"2022-04","0303912090","E","기타","수출","27083","135064","51023","269706","2022-04-30"
"2022-04","0303990000","E","기타","수출","126932","229980","801967","1725094","2022-04-30"
"2022-04","0304390000","E","기타(신선 또는 냉장한 피레트)","수출","124","4816","1174","40993","2022-04-30"
"2022-04","0304410000","E","태평양 연어(옹코링쿠스- 넬카/고르부스카/케타/차비차/키수츠/마소//로두루스/ 대서양 연어(살모 살라/다뉴브 연어)","수출","501","12096","1603","35411","2022-04-30"
"2022-04","0304439000","E","넙치류 기타(신선 또는 냉장)","수출","6","179","150","9309","2022-04-30"
"2022-04","0304480000","E","가오리와 홍어(신선냉장) 피레트","수출","5","65","17","211","2022-04-30"
"2022-04","0304491000","E","붕장어(신선 또는 냉장한 피레트)","수출","60346","778126","320437","4349049","2022-04-30"
"2022-04","0304499000","E","기타(신선 또는 냉장한 피레트)","수출","44","1758","315","9446","2022-04-30"
"2022-04","0304519000","E","틸라피아/메기/잉어/뱀장어/나일퍼치 종의 기타(기타/신선 또는 냉장한 것)","수출","119","3453","411","12666","2022-04-30"
"2022-04","0304599090","E","기타(연육 외 기타)(기타/신선 또는 냉장한 것)","수출","0","0","3","140","2022-04-30"
"2022-04","0304690000","E","틸라피아/메기/잉어/뱀장어/나일퍼치 종의 기타(냉동한 피레트)","수출","0","0","1005","15791","2022-04-30"
"2022-04","0304710000","E","대구(가두스 모르화/가두스 오각/가두스 마크로세팔루스)","수출","396","5474","23027","31244","2022-04-30"
"2022-04","0304750000","E","명태(냉동한 피레트)(테라그라 찰코그라마)","수출","1597","11712","608647","1564144","2022-04-30"
"2022-04","0304831000","E","가자미(냉동한 피레트)","수출","4877","68012","20978","188943","2022-04-30"
"2022-04","0304839000","E","넙치류 기타(냉동한 피레트)","수출","217","12257","358","18899","2022-04-30"
"2022-04","0304840000","E","황새치(냉동한 피레트)(자이피어스 글래디어스)","수출","57822","511920","356848","3278220","2022-04-30"
"2022-04","0304860000","E","청어(냉동한 피레트)(클루페아 하렌구스 /클루페아팔라시)","수출","0","0","400","7714","2022-04-30"
"2022-04","0304871000","E","참다랑어(냉동한 피레트)","수출","77481","2703061","212364","8168027","2022-04-30"
"2022-04","0304879000","E","다랑어 기타(냉동한 피레트)","수출","1776746","22673534","6419955","86513239","2022-04-30"
"2022-04","0304889000","E","곱상어/ 그 밖의 상어/ 가오리와 홍어(라지대과) 냉동 피레트-곱상어/ 그 밖의 상어 제외","수출","45","1560","45","1560","2022-04-30"
"2022-04","0304891000","E","붕장어의 것(냉동한 피레트)","수출","38147","450939","93750","1157805","2022-04-30"
"2022-04","0304894000","E","쥐치의 것(냉동한 피레트)","수출","0","2","0","2","2022-04-30"
"2022-04","0304895000","E","고등어의것(냉동한 것)","수출","0","0","368","2120","2022-04-30"
"2022-04","0304899000","E","기타어류의 기타(냉동한 피레트)","수출","157503","1568030","609899","5992735","2022-04-30"
"2022-04","0304911000","E","황새치(냉동연육)","수출","0","0","2","142","2022-04-30"
"2022-04","0304941000","E","명태 냉동연육","수출","221960","859971","346622","1213277","2022-04-30"
"2022-04","0304949000","E","명태 냉동연육 외 기타","수출","9430","23162","19870","48159","2022-04-30"
"2022-04","0304970000","E","가오리와 홍어(연육/ 기타)(냉동)","수출","35","1306","35","1306","2022-04-30"
"2022-04","0304991000","E","기타 냉동연육","수출","9980","14369","114586","231242","2022-04-30"
"2022-04","0304999000","E","기타 냉동연육 외 기타","수출","8603","83025","45971","373364","2022-04-30"
"2022-04","0305202000","E","어란(건조)","수출","0","0","1000","18051","2022-04-30"
"2022-04","0305204010","E","어란(명태/염장/염수장)","수출","2265","57664","8831","181586","2022-04-30"
"2022-04","0305204090","E","어란(명태/ 조기/ 청어이외 기타/염장/ 염수장)","수출","1428","9957","4873","44265","2022-04-30"
"2022-04","0305311000","E","틸라피아/메기/잉어/뱀장어/나일퍼치 종의 건조한 것","수출","1","50","787","11033","2022-04-30"
"2022-04","0305391000","E","기타어류의 피레트(건조한것)","수출","535","11485","7122","88673","2022-04-30"
"2022-04","0305392000","E","기타어류의 피레트(염장 또는 염수장한 것)","수출","338","1120","338","1120","2022-04-30"
"2022-04","0305410000","E","태평양 연어(옹코링쿠스- 넬카/고르부스카/케타/차비차/키수츠/마소/로두루스)/ 대서양 연어(살모 살라)/ 다뉴브 연어(후코 후코))","수출","0","0","500","9634","2022-04-30"
"2022-04","0305491000","E","멸치(훈제/피레트포함)","수출","2620","32458","12054","84587","2022-04-30"
"2022-04","0305492000","E","명태(훈제/피레트포함)","수출","0","0","566","11236","2022-04-30"
"2022-04","0305499000","E","어류(연어/ 청어/ 멸치/ 명태이외 기타/훈제/피레트 포함)","수출","4056","34821","6007","101890","2022-04-30"
"2022-04","0305510000","E","대구(건조/염장불문/훈제제외)","수출","0","0","715","16253","2022-04-30"
"2022-04","0305520000","E","틸라피아[오레오크로미스(Oreochromis)종]/ 메기[판가시우스(Pangasius)종ㆍ실루러스(Silurus)종ㆍ클라리아스(Clarias)종ㆍ익타루러스(Ictalurus)종]/ 잉어[사이","수출","678","23583","678","23583","2022-04-30"
"2022-04","0305531000","E","기타 어류(건조)","수출","6196","158713","71968","1081373","2022-04-30"
"2022-04","0305539000","E","기타 어류(건조)","수출","0","0","5","106","2022-04-30"
"2022-04","0305541000","E","멸치[엔그라울리스(Engraulis)종]","수출","58034","774879","291006","3587573","2022-04-30"
"2022-04","0305549000","E","기타","수출","1457","25910","8489","103520","2022-04-30"
"2022-04","0305594000","E","조기(건조/염장불문/훈제제외)","수출","5355","88550","30149","471003","2022-04-30"
"2022-04","0305595000","E","복어(건조/염장불문/훈제제외)","수출","560","15209","1630","40426","2022-04-30"
"2022-04","0305597000","E","까나리(건조/염장불문/훈제제외)","수출","0","0","6","30","2022-04-30"
"2022-04","0305598000","E","실치(건조/염장불문/훈제제외)","수출","365","18307","560","24931","2022-04-30"
"2022-04","0305599000","E","어류(대구/상어지느러미/멸치/명태/조기등외기타건조/훈제제외)","수출","23238","207843","45269","551852","2022-04-30"
"2022-04","0305631000","E","멸치젓(염장/염수장)","수출","0","0","16951","35605","2022-04-30"
"2022-04","0305639000","E","멸치(멸치젓 이외 기타/염장/ 염수장)","수출","0","0","340","6555","2022-04-30"
"2022-04","0305691000","E","연어(염장/ 염수장)","수출","48","394","48","394","2022-04-30"
"2022-04","0305693000","E","갈치(염장/염수장)","수출","1787","14386","7144","72224","2022-04-30"
"2022-04","0305695000","E","고등어(염장/염수장)","수출","14879","106375","79462","668997","2022-04-30"
"2022-04","0305696000","E","조기(염장/염수장)","수출","2610","25281","4169","42647","2022-04-30"
"2022-04","0305699000","E","어류(청어/대구/연어/송어/갈치/정어리/고등어 등 이외)","수출","3736","29522","17396","164809","2022-04-30"
"2022-04","0305712000","E","상어 지느러미(건조한 것)","수출","0","0","4263","104375","2022-04-30"
"2022-04","0305720000","E","대구(가두스모르화)/ 대구 이외","수출","0","0","19","855","2022-04-30"
"2022-04","0305790000","E","기타 어류의 머리 꼬리","수출","3069","49845","21370","267314","2022-04-30"
"2022-04","0306119000","E","닭새우류(팔리누루스종 파누리루스종 자수스종)(냉동한것)(기타)","수출","22","213","27324","57465","2022-04-30"
"2022-04","0306141090","E","게살(냉동한 것) 훈제한 것(기타)","수출","1800","2606","5073","17389","2022-04-30"
"2022-04","0306142000","E","왕게(냉동)","수출","63311","2327442","148975","6129809","2022-04-30"
"2022-04","0306143090","E","꽃게(냉동한 것) 기타","수출","26138","139243","138815","655592","2022-04-30"
"2022-04","0306149090","E","갑각류 기타(냉동한 것)(훈제한것 외 기타)","수출","378000","6145326","980762","15488850","2022-04-30"
"2022-04","0306169090","E","냉수성 새우류(판달러스종/크란곤 크란곤)기타(냉동한 것)(훈제한 것)","수출","47912","1055887","88652","1257546","2022-04-30"
"2022-04","0306171090","E","기타의 새우류의 새우살(냉동한 것)(훈제한 것 외 기타)","수출","25","528","26180","54686","2022-04-30"
"2022-04","0306179099","E","기타","수출","391598","135898","457038","288003","2022-04-30"
"2022-04","0306199000","E","기타[분ㆍ조분 및 펠리트를 포함(식용에 적합)](냉동한 것)(훈제한 것 외 기타)","수출","3595","57371","5156","104056","2022-04-30"
"2022-04","0306320000","E","바닷가재[호마루스(Homarus)종]","수출","15","852","15","852","2022-04-30"
"2022-04","0306331000","E","꽃게","수출","1549","6528","5789","34102","2022-04-30"
"2022-04","0306332000","E","대게","수출","35501","1110195","75628","2562626","2022-04-30"
"2022-04","0306339000","E","게(기타)","수출","147846","6442014","440848","23921648","2022-04-30"
"2022-04","0306360000","E","그 밖의 새우류","수출","150","3009","2348","20891","2022-04-30"
"2022-04","0306390000","E","기타[식용에 적합한 것으로서 고운 가루ㆍ거친 가루와 펠릿(pellet)을 포함한다]","수출","0","0","5","10","2022-04-30"
"2022-04","0306910000","E","닭새우(기타) [팔리누루스속ㆍ파누리루스속ㆍ자수스속]","수출","0","0","1500","12243","2022-04-30"
"2022-04","0306951020","E","건조한 것","수출","270","8244","490","12110","2022-04-30"
"2022-04","0306951030","E","염장이나 염수장한 것","수출","0","0","361","1297","2022-04-30"
"2022-04","0306959020","E","건조한 것","수출","2659","40325","5226","100158","2022-04-30"
"2022-04","0306959030","E","염장이나 염수장한 것","수출","31103","197684","115172","661308","2022-04-30"
"2022-04","0306992000","E","건조한 것","수출","0","0","380","7948","2022-04-30"
"2022-04","0306993000","E","염장이나 염수장한 것","수출","0","0","720","5700","2022-04-30"
"2022-04","0307111090","E","굴치패 종패용 외 기타(산 것  신선 또는 냉장한 것)","수출","593","13368","9951","86085","2022-04-30"
"2022-04","0307119000","E","굴치패 기타(산 것 신선 또는 냉장한 것)","수출","38622","222150","100943","577857","2022-04-30"
"2022-04","0307120000","E","냉동한 것","수출","908036","6212546","1936379","13270893","2022-04-30"
"2022-04","0307192000","E","기타 굴(건조한 것)","수출","3","122","4","140","2022-04-30"
"2022-04","0307193000","E","기타 굴(염장 또는 염수장","수출","14","177","10710","101430","2022-04-30"
"2022-04","0307211000","E","가리비과의조개(산것/ 신선/ 냉장) - 펙텐/ 클라미스/ 프라코펙텐 속의 것","수출","2950","49784","14680","251050","2022-04-30"
"2022-04","0307219000","E","가리비과의조개 기타(산것/ 신선/ 냉장) - 펙텐/ 클라미스/ 프라코펙텐 속의 것 제외","수출","830","12086","5430","77413","2022-04-30"
"2022-04","0307221000","E","가리비과의조개(냉동)","수출","0","0","180","1796","2022-04-30"
"2022-04","0307229000","E","가리비과의조개(냉동)","수출","0","0","25","337","2022-04-30"
"2022-04","0307299000","E","기타 가리비과의조개(기타)","수출","600","7397","600","7397","2022-04-30"
"2022-04","0307320000","E","냉동한 것","수출","2266","11512","5828","28073","2022-04-30"
"2022-04","0307421010","E","세피아 오피시날리스(Sepia officinalis)ㆍ로시아 마크로소마(Rossia macrosoma)ㆍ세피올라(Sepiola)종","수출","12","117","3546","7851","2022-04-30"
"2022-04","0307421090","E","기타","수출","1120","4504","2320","6129","2022-04-30"
"2022-04","0307422090","E","기타","수출","0","0","168","6895","2022-04-30"
"2022-04","0307431090","E","기타","수출","0","0","64679","86047","2022-04-30"
"2022-04","0307432010","E","옴마스트레페스(Ommastrephes)종ㆍ로리고(Loligo)종ㆍ노토토다루스(Nototodarus)종ㆍ세피오투디스(Sepioteuthis)종","수출","54144","212414","232318","942804","2022-04-30"
"2022-04","0307432090","E","기타","수출","2036144","4938675","5974466","14223710","2022-04-30"
"2022-04","0307492010","E","갑오징어[세피아 오피시날리스(Sepia officinalis)ㆍ로시아 마크로소마(Rossia macrosoma)ㆍ세피올라(Sepiola)종]와 오징어[옴마스트레페스(Ommastrephes)종ㆍ로","수출","0","0","91","666","2022-04-30"
"2022-04","0307492090","E","기타","수출","1007","6885","2082","15174","2022-04-30"
"2022-04","0307493010","E","갑오징어[세피아 오피시날리스(Sepia officinalis)ㆍ로시아 마크로소마(Rossia macrosoma)ㆍ세피올라(Sepiola)종]와 오징어[옴마스트레페스(Ommastrephes)종ㆍ로","수출","1962","55367","10615","266075","2022-04-30"
"2022-04","0307493090","E","기타","수출","9421","247048","37098","903541","2022-04-30"
"2022-04","0307494090","E","기타","수출","0","0","475","11400","2022-04-30"
"2022-04","0307511000","E","낙지(산것/신선/ 냉장)","수출","3028","52380","11721","182980","2022-04-30"
"2022-04","0307512000","E","주꾸미(산것/신선/ 냉장)","수출","60","1768","457","4598","2022-04-30"
"2022-04","0307519000","E","기타문어(산것/신선/ 냉장)","수출","628","31912","2372","115703","2022-04-30"
"2022-04","0307521000","E","문어","수출","13575","149450","39482","379858","2022-04-30"
"2022-04","0307522000","E","낙지","수출","1230","10696","18260","139717","2022-04-30"
"2022-04","0307523000","E","쭈꾸미","수출","71","208","8347","64068","2022-04-30"
"2022-04","0307529000","E","기타","수출","2407","16698","2510","18767","2022-04-30"
"2022-04","0307592000","E","문어(건조)","수출","236","6179","796","20097","2022-04-30"
"2022-04","0307599000","E","문어(산것/ 신선/ 냉장/ 냉동/ 건조 이외 기타)","수출","180","2210","1320","17762","2022-04-30"
"2022-04","0307712090","E","피조개 기타(산 것  신선 또는 냉장한 것)","수출","1717470","2796136","3240926","6080182","2022-04-30"
"2022-04","0307713000","E","새조개(산 것/신선 또는 냉장한 것)","수출","146","1619","467","5308","2022-04-30"
"2022-04","0307714000","E","바지락(산 것 신선 또는 냉장한 것)","수출","16688","56452","16968","58615","2022-04-30"
"2022-04","0307719000","E","클램/ 새조개 및 피조개 기타(산 것 / 신선 또는 냉장한 것)","수출","15863","125889","89597","982652","2022-04-30"
"2022-04","0307721000","E","새조개","수출","0","0","12322","146867","2022-04-30"
"2022-04","0307723000","E","바지락","수출","22598","118249","89508","468129","2022-04-30"
"2022-04","0307724000","E","피조개","수출","906","26723","907","26798","2022-04-30"
"2022-04","0307729000","E","기타","수출","4000","64608","24475","302317","2022-04-30"
"2022-04","0307793090","E","클램/ 새조개 및 피조개 기타(염장 또는 염수장한 것)","수출","0","0","5","38","2022-04-30"
"2022-04","0307794090","E","새조개(훈제한 것)(기타)","수출","0","0","816","8627","2022-04-30"
"2022-04","0307810000","E","전복(산 것 신선 또는 냉장한 것)","수출","232045","6021947","631948","17705233","2022-04-30"
"2022-04","0307830000","E","냉동한 전복[할리오티스(Haliotis)종]","수출","7583","232179","21965","681559","2022-04-30"
"2022-04","0307840000","E","냉동한 수정고둥류[스트롬버스(Strombus)종]","수출","28","193","102","386","2022-04-30"
"2022-04","0307883000","E","훈제한 것","수출","0","0","102","2366","2022-04-30"
"2022-04","0307911000","E","소라(산 것 신선 또는 냉장한 것)","수출","63477","236833","221687","754595","2022-04-30"
"2022-04","0307913000","E","개아지살(산 것 신선 또는 냉장한 것)","수출","1358","38887","6712","179273","2022-04-30"
"2022-04","0307914000","E","재첩(산 것 신선 또는 냉장한 것)","수출","16023","50590","33113","111022","2022-04-30"
"2022-04","0307919000","E","기타[분 조분 펠리트 포함(식용 적합)]의 기타(산/신선/냉장)","수출","273679","837396","1157235","3737567","2022-04-30"
"2022-04","0307921000","E","개아지살","수출","0","0","400","16574","2022-04-30"
"2022-04","0307929000","E","기타","수출","78356","146891","1193873","8325260","2022-04-30"
"2022-04","0307993000","E","소라/ 기타연체동물(염장/ 염수장)","수출","800","4000","844","4386","2022-04-30"
"2022-04","0307994110","E","골뱅이 (훈제한 것)(밀폐용기에 넣은 것)","수출","0","0","223","2270","2022-04-30"
"2022-04","0307994900","E","기타[분 조분 펠리트를 포함(식용에 적합한)]의 기타(훈제한 것)","수출","453","10665","8109","62821","2022-04-30"
"2022-04","0308110000","E","해삼(산 것 신선 또는 냉장한 것)","수출","1745","46907","7733","205900","2022-04-30"
"2022-04","0308120000","E","냉동한 것","수출","0","0","22000","35000","2022-04-30"
"2022-04","0308192000","E","해삼(건조한 것)","수출","0","0","13","10049","2022-04-30"
"2022-04","0308193000","E","해삼(염장 또는 염수장한 것)","수출","10","444","10640","842366","2022-04-30"
"2022-04","0308293000","E","성게(염장 또는 염수장한 것)","수출","0","0","10152","818757","2022-04-30"
"2022-04","0308302000","E","해파리(냉동한 것)","수출","50","282","50","282","2022-04-30"
"2022-04","0308304000","E","해파리(염장 또는 염수장한 것)","수출","159986","202141","639773","818194","2022-04-30"
"2022-04","0308901019","E","우렁쉥이(기타)(산 것 신선 또는 냉장한 것)","수출","3320","44688","11950","167425","2022-04-30"
"2022-04","0308901090","E","수생무척추동물의 기타(산 것)","수출","252","4692","711","13451","2022-04-30"
"2022-04","0308902010","E","우렁쉥이(냉동한 것)","수출","1860","41143","8438","129514","2022-04-30"
"2022-04","0308902090","E","수생무척추동물의 기타(냉동 한것)","수출","1654","12873","5284","74552","2022-04-30"
"2022-04","0308904000","E","수생무척추동물의 기타(염장 또는 염수장한 것)","수출","16","474","31","1002","2022-04-30"
"2022-04","0309100000","E","식용어류분","수출","57","2619","97","5406","2022-04-30"
"2022-04","0508001000","E","산호(coral)","수출","0","0","3","1302","2022-04-30"
"2022-04","0508002010","E","진주패각","수출","0","0","5600","32287","2022-04-30"
"2022-04","0508002020","E","청패각(전복)","수출","16040","1642","16040","1642","2022-04-30"
"2022-04","0508002090","E","기타패각","수출","18000","4000","36488","28544","2022-04-30"
"2022-04","0508009000","E","연체동물/갑각류/극피동물","수출","45410","51877","154981","202160","2022-04-30"
"2022-04","0511911010","E","부화용알(브라인슈림프알)","수출","0","0","94","5028","2022-04-30"
"2022-04","0511919000","E","어류/갑각류/연체동물/수행동","수출","312880","408010","884909","1361258","2022-04-30"
"2022-04","1212211010","E","김(건조한 것)(식용의 것)","수출","1286041","16743642","5166613","75615739","2022-04-30"
"2022-04","1212211020","E","김(냉장한 것)(식용의 것)","수출","207","2983","207","2983","2022-04-30"
"2022-04","1212211090","E","김(기타)(식용의 것)","수출","9857","81322","25267","286834","2022-04-30"
"2022-04","1212212010","E","미역(건조한 것)(식용의 것)","수출","259151","2916644","736857","8663582","2022-04-30"
"2022-04","1212212020","E","미역(염장한 것)(식용의 것)","수출","287730","693012","1229716","1914161","2022-04-30"
"2022-04","1212212030","E","미역(냉장한 것)(식용의 것)","수출","0","0","4","48","2022-04-30"
"2022-04","1212212040","E","미역(냉동한 것)(식용의 것)","수출","839517","1040731","1640687","2059935","2022-04-30"
"2022-04","1212212090","E","미역(기타)(식용의 것)","수출","44766","157161","151974","572458","2022-04-30"
"2022-04","1212213010","E","톳(건조한 것)(식용의 것)","수출","45127","606588","410466","3999543","2022-04-30"
"2022-04","1212213030","E","톳(냉동한 것)(식용의 것)","수출","0","0","310","1794","2022-04-30"
"2022-04","1212213090","E","톳(기타)(식용의 것)","수출","159","1940","2214","32844","2022-04-30"
"2022-04","1212214010","E","파래(건조한 것)(식용의 것)","수출","184","2848","2122","30359","2022-04-30"
"2022-04","1212214030","E","냉동한 것","수출","813","5431","2641","16976","2022-04-30"
"2022-04","1212214090","E","파래(기타)(식용의 것)","수출","6121","123620","21168","645706","2022-04-30"
"2022-04","1212215010","E","다시마(염장한 것)(식용의 것)","수출","222687","131804","500226","347834","2022-04-30"
"2022-04","1212215030","E","다시마(냉동한 것)(식용의 것)","수출","2830","7004","6178","16131","2022-04-30"
"2022-04","1212215090","E","다시마(기타)(식용의 것)","수출","28039","336473","117372","1248349","2022-04-30"
"2022-04","1212216090","E","우뭇가사리(기타)(식용의 것)","수출","15624","137335","45508","355376","2022-04-30"
"2022-04","1212217029","E","기타","수출","0","0","1070","32178","2022-04-30"
"2022-04","1212217039","E","불등가사리(기타)(식용의 것)","수출","0","0","510","14876","2022-04-30"
"2022-04","1212219011","E","코토니 및 스피노잠(냉동)(식용의 것)","수출","0","0","77","1901","2022-04-30"
"2022-04","1212219091","E","해초류와 기타조류 기타(냉동)(식용의 것)","수출","0","0","1072","9101","2022-04-30"
"2022-04","1212219099","E","해초류와 기타조류 기타(기타)(식용의 것)","수출","24918","265533","89054","804360","2022-04-30"
"2022-04","1212291090","E","김(기타)","수출","0","0","158","1753","2022-04-30"
"2022-04","1212292090","E","미역(기타)","수출","20","343","12752","165264","2022-04-30"
"2022-04","1212293090","E","톳(기타)","수출","0","0","20","1617","2022-04-30"
"2022-04","1212295090","E","다시마(기타)","수출","464","5547","4975","32160","2022-04-30"
"2022-04","1212298039","E","말(기타)","수출","0","0","200","2189","2022-04-30"
"2022-04","1212299091","E","해초류와 기타조류 기타(냉동","수출","0","0","70","4771","2022-04-30"
"2022-04","1212299099","E","해초류와 기타조류 기타(기타)","수출","5027","8074","22999","39840","2022-04-30"
"2022-04","1302311000","E","실한천","수출","8777","325623","18415","734516","2022-04-30"
"2022-04","1302312000","E","분한천","수출","53451","1308779","159422","3849393","2022-04-30"
"2022-04","1302319000","E","한천(실한천/분한천 이외 기타)","수출","3","829","104","3525","2022-04-30"
"2022-04","1504101000","E","상어의 간유(肝油)와 그 분획물","수출","0","0","52","11627","2022-04-30"
"2022-04","1504109000","E","어류의간유/분획물(상어의간유","수출","45600","71755","243200","547300","2022-04-30"
"2022-04","1504200000","E","어류의 지방과 기름 및 그 분획물[간유(肝油)는 제외한다]","수출","0","0","46843","104748","2022-04-30"
"2022-04","1603003000","E","어류의액스","수출","31566","49086","115550","261320","2022-04-30"
"2022-04","1603004000","E","어류의즙","수출","14106","29658","356359","757273","2022-04-30"
"2022-04","1603009000","E","갑각류/연체동물/수생동물의","수출","44539","209436","294803","1398119","2022-04-30"
"2022-04","1604111000","E","연어(조제/밀폐용기에 넣은 것)","수출","39","807","45","933","2022-04-30"
"2022-04","1604119000","E","연어(조제/밀페용기에 넣은 것 이외 기타)","수출","435","5142","699","10727","2022-04-30"
"2022-04","1604129000","E","청어(통조림외조제품)","수출","450","5970","1590","22395","2022-04-30"
"2022-04","1604131000","E","정어리(밀폐용기에넣은것)","수출","0","0","216","1248","2022-04-30"
"2022-04","1604141011","E","다랭이(기름담금)","수출","40953","282456","141447","974237","2022-04-30"
"2022-04","1604141012","E","다랭이(보일드)","수출","0","0","288","1889","2022-04-30"
"2022-04","1604141019","E","다랭이류(다랭이/ 가다랭이 이외 기타/조제/밀폐용기에 넣은 것)","수출","30300","223977","198030","1360130","2022-04-30"
"2022-04","1604141021","E","다랭이류(조제/밀폐용기에 넣은 것 이외 기타)","수출","135517","913459","487758","3165813","2022-04-30"
"2022-04","1604141029","E","가다랭이(기타)","수출","95248","538001","319721","1843933","2022-04-30"
"2022-04","1604141039","E","버니토우(기타)","수출","2656","84576","2656","84576","2022-04-30"
"2022-04","1604149000","E","다랭이류(조제/밀폐용기에 넣은 것 이외 기타)","수출","2434","25192","3433","36022","2022-04-30"
"2022-04","1604151000","E","고등어(조제/밀폐용기에 넣은 것)","수출","11212","40896","38806","135522","2022-04-30"
"2022-04","1604159000","E","고등어(조제/밀폐용기에 넣은 것 이외 기타)","수출","434","3634","8650","82936","2022-04-30"
"2022-04","1604161000","E","멸치(조제/밀폐용기에 넣은 것)","수출","2815","43340","7310","108881","2022-04-30"
"2022-04","1604169000","E","전갱이(조제/밀폐용기에 넣은 것 이외 기타)","수출","1459","19785","12175","130356","2022-04-30"
"2022-04","1604171000","E","뱀장어(조제 또는 저장처리)(밀폐용기에 넣은 것)","수출","2","4","12204","235465","2022-04-30"
"2022-04","1604179000","E","뱀장어(조제 또는 저장처리)","수출","781","20046","2830","74241","2022-04-30"
"2022-04","1604191010","E","꽁치(통조림외조제품)","수출","23465","121580","81252","402304","2022-04-30"
"2022-04","1604191020","E","전갱이(밀폐용기에넣은것)","수출","0","0","90","3293","2022-04-30"
"2022-04","1604191090","E","어류조제품(연어/청어/정어리/고등어 등 밀폐용기에넣은것)","수출","2124","36411","10761","145317","2022-04-30"
"2022-04","1604199010","E","쥐치포(조제/밀페용기 이외 기타)","수출","9388","111494","45616","619647","2022-04-30"
"2022-04","1604199090","E","어류조제품(연어/청어/고등어/기타/조제/밀폐용기에 넣은 것)","수출","19312","273413","153308","2303244","2022-04-30"
"2022-04","1604201000","E","생선페이스트","수출","950","5173","3140","18719","2022-04-30"
"2022-04","1604202000","E","생선마리네이드","수출","1322","20430","1330","20587","2022-04-30"
"2022-04","1604203000","E","생선소시지","수출","171429","1161356","886989","5355861","2022-04-30"
"2022-04","1604204010","E","생선묵(게맛)","수출","605137","2938556","2089844","9706207","2022-04-30"
"2022-04","1604204090","E","생선묵(게맛의 것 이외 기타)","수출","602733","2338044","3007424","10584381","2022-04-30"
"2022-04","1604209000","E","어류조제/저장제품(생선 페이스트/마리네이드/소시지/생선묵)","수출","188158","1481270","706379","6216708","2022-04-30"
"2022-04","1604310000","E","캐비아","수출","0","0","23","13222","2022-04-30"
"2022-04","1604320000","E","캐비아 대용물","수출","31144","534066","130967","2426215","2022-04-30"
"2022-04","1605101010","E","게살(밀폐용기에넣은것)","수출","1369","26643","19119","266092","2022-04-30"
"2022-04","1605101091","E","붉은 대게살(밀폐용기에 넣은 것/ 훈제한 것 이외 기타)","수출","250361","3236272","1052695","13454918","2022-04-30"
"2022-04","1605101099","E","기타 게살(밀폐용기에 넣은 것/ 훈제한 것 이외 기타)","수출","822","11493","83096","1129582","2022-04-30"
"2022-04","1605109000","E","게 조제품(게살 이외 기타)","수출","25659","406658","97439","1355864","2022-04-30"
"2022-04","1605211000","E","새우류(조제 또는 저장처리)(밀폐용기에 넣지 아니한 것)(브레드한 것)","수출","1597","17212","22414","190148","2022-04-30"
"2022-04","1605219000","E","새우류(조제 또는 저장처리)(밀폐용기에 넣지 아니한 것)(기타)","수출","8443","82270","40007","325093","2022-04-30"
"2022-04","1605290000","E","새우류(조제 또는 저장처리)","수출","11203","65525","43716","332104","2022-04-30"
"2022-04","1605301000","E","바다가재(밀폐용기에넣은것)","수출","194","4680","302","7290","2022-04-30"
"2022-04","1605309000","E","바다가재(통조림외)","수출","0","0","4","3","2022-04-30"
"2022-04","1605401000","E","기타갑각류(밀폐용기에넣은것)","수출","0","0","215","5214","2022-04-30"
"2022-04","1605409000","E","갑각류 조제품(게/새우/바다가재기타/밀폐용기에넣은것이외기타)","수출","0","0","183","2306","2022-04-30"
"2022-04","1605511000","E","굴(조제 또는 저장처리)(밀폐용기에 넣은 것)","수출","315807","2394871","854360","6695056","2022-04-30"
"2022-04","1605519000","E","굴(조제 또는 저장처리)(기타)","수출","37605","824435","178929","2553441","2022-04-30"
"2022-04","1605520000","E","가리비과의조개(조제/저장/기타/ 밀폐용기에 넣은 것 포함)","수출","2287","30318","2979","34739","2022-04-30"
"2022-04","1605531000","E","홍합(조제 또는 저장처리)(밀폐용기에 넣은 것)","수출","0","0","2936","31735","2022-04-30"
"2022-04","1605539000","E","홍합(조제 또는 저장처리)(기타)","수출","1500","5100","28261","96758","2022-04-30"
"2022-04","1605541000","E","갑오징어/ 기타조제저장처리갑오징어(밀폐용기에넣은것 포함/ 밀폐용기이외)","수출","1","0","178","2235","2022-04-30"
"2022-04","1605542010","E","오징어(조제 또는 저장처리)(밀폐용기에 넣은 것)","수출","2954","66420","8708","130395","2022-04-30"
"2022-04","1605542091","E","조미오징어(조제 또는 저장처리)(밀폐용기에 넣은 것)","수출","40386","641004","167273","2555810","2022-04-30"
"2022-04","1605542099","E","오징어 기타(조제 또는 저장처리)","수출","35949","295762","220796","2113481","2022-04-30"
"2022-04","1605550000","E","문어/ 기타조제저장처리문어(밀폐용기에넣은것 포함/ 밀폐용기이외)","수출","10467","129593","37494","420100","2022-04-30"
"2022-04","1605561010","E","바지락(조제 또는 저장처리)(밀폐용기에 넣은 것)","수출","0","0","1082","8276","2022-04-30"
"2022-04","1605561090","E","바지락(조제 또는 저장처리)(기타)","수출","0","0","2036","5952","2022-04-30"
"2022-04","1605562010","E","새조개(조제 또는 저장처리)(밀폐용기에 넣은 것)","수출","0","0","245","2946","2022-04-30"
"2022-04","1605562090","E","새조개(조제 또는 저장처리)(기타)","수출","2580","125473","6858","360254","2022-04-30"
"2022-04","1605569010","E","클램/ 새조개 및 피조개 기타(조제 또는 저장처리)(밀폐용기에 넣은 것)","수출","270","2698","1905","21915","2022-04-30"
"2022-04","1605569090","E","클램/ 새조개 및 피조개 기타(조제 또는 저장처리)(기타)","수출","400","4697","3812","53404","2022-04-30"
"2022-04","1605571000","E","전복(밀폐용기에넣은것)","수출","594","12183","1588","35856","2022-04-30"
"2022-04","1605579000","E","전복(조제 또는 저장처리) 기타","수출","1554","54877","5518","169352","2022-04-30"
"2022-04","1605581000","E","달팽이(조제 또는 저장처리)(밀폐용기에 넣은 것)","수출","0","0","48","273","2022-04-30"
"2022-04","1605589000","E","달팽이(조제 또는 저장처리)(기타)","수출","0","0","205","50134","2022-04-30"
"2022-04","1605591010","E","골뱅이(조제 또는 저장처리)(밀폐용기에 넣은 것)","수출","28281","295493","127179","1320188","2022-04-30"
"2022-04","1605591090","E","골뱅이(조제 또는 저장처리)(기타)","수출","10","107","168377","2430591","2022-04-30"
"2022-04","1605592090","E","소라(조제 또는 저장처리)기타","수출","162635","572305","367775","1276788","2022-04-30"
"2022-04","1605599010","E","연체동물 기타(조제 또는 저장처리)(밀폐용기에 넣은 것)","수출","2888","32540","13429","137057","2022-04-30"
"2022-04","1605599090","E","연체동물 기타(조제 또는 저장처리)(기타)","수출","17182","195573","143730","1283404","2022-04-30"
"2022-04","1605619000","E","해삼(조제 또는 저장처리)기타","수출","14238","1208549","42662","3378771","2022-04-30"
"2022-04","1605631000","E","해파리(조제 또는 저장처리)(밀폐용기에 넣은 것)","수출","0","0","161","1373","2022-04-30"
"2022-04","1605639000","E","해파리(조제 또는 저장처리)(기타)","수출","0","0","6500","35193","2022-04-30"
"2022-04","1605690000","E","기타조제저장처리수생무척추동물(밀폐용기에넣은것 포함/ 밀폐용기에 넣지 않은 것)-해삼/성게/해파리제외","수출","813","11078","12964","108055","2022-04-30"
"2022-04","2008995010","E","김","수출","1666629","51077899","6108219","175808461","2022-04-30"
"2022-04","2008995090","E","조제한 해조류 김 제외","수출","243140","1157303","893894","4412790","2022-04-30"
"2022-04","2104102000","E","어류의 수우프/ 브로드와 수우프 브로드 제조용 조제품","수출","23255","218973","104567","1072141","2022-04-30"
"2022-04","2301201000","E","어류의 분.조분 및 펠리트","수출","446985","556758","1087195","1287929","2022-04-30"
"2022-04","2301209000","E","어류외기타 분.조분 및 펠리트","수출","5337000","4598125","17990970","15431766","2022-04-30"
"2022-04","2501001010","E","암염(岩鹽)","수출","0","0","720","3588","2022-04-30"
"2022-04","2501001020","E","천일염","수출","34771","72265","348923","290889","2022-04-30"
"2022-04","2501009010","E","식염","수출","519832","561186","1935242","2388106","2022-04-30"
"2022-04","2501009020","E","순염화나트륨","수출","20100","13973","84238","57377","2022-04-30"
"2022-04","2501009090","E","기타소금/해수","수출","3394356","256734","9482828","1008975","2022-04-30"
"2022-04","7101220000","E","양식진주(가공한것)","수출","2","379","11","6953","2022-04-30"
"2022-04","7116101000","E","천연진주로만든 것","수출","0","0","1","1434","2022-04-30"
"2022-04","7116102000","E","양식진주로 만든 것","수출","16","13213","73","88677","2022-04-30"
"2022-04","9601901010","E","진주양식용핵","수출","0","0","23","1492","2022-04-30"
"2022-04","9601901090","E","패각(기타)","수출","127","46613","814","224243","2022-04-30"
"2022-04","9606291000","E","조개껍질로 만든것","수출","1088","52929","9556","344364","2022-04-30"
"2022-04","0106199000","I","기타 포유동물","수입","4625","1435511","21943","5563235","2022-04-30"
"2022-04","0106201000","I","뱀","수입","81","37892","202","135182","2022-04-30"
"2022-04","0106202000","I","자라(산동물)","수입","4547","49623","18185","214152","2022-04-30"
"2022-04","0106203000","I","거북","수입","123","74766","565","275941","2022-04-30"
"2022-04","0106209000","I","기타 파충류","수입","394","393115","972","892320","2022-04-30"
"2022-04","0106903010","I","갯지렁이","수입","49004","726395","132164","1917560","2022-04-30"
"2022-04","0106903020","I","실지렁이","수입","0","0","42","8386","2022-04-30"
"2022-04","0106903090","I","기타","수입","15","4103","43","38333","2022-04-30"
"2022-04","0208909010","I","해양동물고기/설육(신선/냉장)","수입","0","0","1000","4762","2022-04-30"
"2022-04","0210999090","I","기타 육·설육","수입","315","2591","479","8196","2022-04-30"
"2022-04","0301111000","I","비단잉어(활어)(민물의 것)","수입","126","9892","331","77520","2022-04-30"
"2022-04","0301119000","I","기타(활어)(비단잉어 외  민물의 것)","수입","9088","570330","32978","2233419","2022-04-30"
"2022-04","0301190000","I","기타(활어)(민물의 것)","수입","2542","103997","9957","389665","2022-04-30"
"2022-04","0301921000","I","실뱀장어(한마리당 0.3그램 이하인 것으로서 양식용으로 한정)","수입","1412","22197437","5416","107556200","2022-04-30"
"2022-04","0301922000","I","새끼뱀장어(한 마리당0.3그램을 초과하고50그램이하인것으로양식용으로한정)","수입","252","91250","502","181250","2022-04-30"
"2022-04","0301929090","I","뱀장어(앵궐라종)","수입","253333","3512325","1120633","15228778","2022-04-30"
"2022-04","0301931000","I","붕어(활어) 카라시우스속","수입","14545","55202","28580","110860","2022-04-30"
"2022-04","0301939000","I","잉어(기타)","수입","164908","554230","498697","1672157","2022-04-30"
"2022-04","0301992000","I","방어(활어)","수입","48328","570120","1060606","12603366","2022-04-30"
"2022-04","0301994091","I","돔(기타/ 참돔)","수입","510308","3753141","1334759","10564832","2022-04-30"
"2022-04","0301994099","I","돔(기타/ 기타)","수입","70750","1237316","198499","2954124","2022-04-30"
"2022-04","0301997000","I","먹장어(활어)","수입","54811","524947","241261","2316675","2022-04-30"
"2022-04","0301998000","I","넙치(활어)","수입","85135","1027540","241841","3149053","2022-04-30"
"2022-04","0301999010","I","능성어(활어)","수입","10176","181237","28300","517746","2022-04-30"
"2022-04","0301999020","I","복어(활어)","수입","11795","247379","74729","1267540","2022-04-30"
"2022-04","0301999040","I","볼락(적어포함/활어)","수입","0","0","9840","82920","2022-04-30"
"2022-04","0301999051","I","농어(양식용치어)","수입","7776","300401","7776","300401","2022-04-30"
"2022-04","0301999059","I","농어(기타)","수입","220651","1743209","746788","6466360","2022-04-30"
"2022-04","0301999070","I","미꾸라지(활어)","수입","712205","3328269","2468602","11268414","2022-04-30"
"2022-04","0301999092","I","붕어(활어)","수입","7200","23341","7200","23341","2022-04-30"
"2022-04","0301999095","I","민어(활어)","수입","213010","1378640","905911","5815099","2022-04-30"
"2022-04","0301999099","I","기타어류(활어)","수입","111988","1376980","349746","3865555","2022-04-30"
"2022-04","0302110000","I","송어(신선/냉장)","수입","6","116","29","448","2022-04-30"
"2022-04","0302130000","I","태평양연어(옹코링쿠스-넬카/고르부스카/케타/차비차/키수츠/마소/로드루스)","수입","1034","21152","5670","104918","2022-04-30"
"2022-04","0302140000","I","대서양 연어(신선 또는 냉장)(살모 살라) 및 다뉴브 연어(후코 후코)","수입","1657242","30356990","8152471","117791635","2022-04-30"
"2022-04","0302190000","I","연어(송어/태평양연어 기타/간장/어란/신선/냉장/어육제외)","수입","0","0","1","9","2022-04-30"
"2022-04","0302320000","I","황다랑어(터너스 알바카레스/신선/냉장)","수입","0","0","166","1944","2022-04-30"
"2022-04","0302351000","I","대서양 참다랑어(터너스 터너스)","수입","8949","250316","41491","1183451","2022-04-30"
"2022-04","0302352000","I","태평양 참다랑어(신선 또는 냉장)(터너스 오리엔탈리스)","수입","1304","40741","7028","210592","2022-04-30"
"2022-04","0302420000","I","멸치(신선 또는 냉장)(엔그라울리스종)","수입","0","7","0","7","2022-04-30"
"2022-04","0302430000","I","정어리(신선 또는 냉장)(사르디나 필차르두스/사르디노프스종)","수입","0","0","5","4","2022-04-30"
"2022-04","0302440000","I","고등어(신선 또는 냉장)(스콤버-스콤브루스/오스트랄시쿠스/자포니쿠스))","수입","15152","35756","15152","35756","2022-04-30"
"2022-04","0302492000","I","병어[팜푸스(Pampus)종]","수입","290","2938","410","4206","2022-04-30"
"2022-04","0302510000","I","대구(신선 또는 냉장)(가두스 모르화/가두스 오각/가두스 마크로세팔루스)","수입","6440","11143","460104","833232","2022-04-30"
"2022-04","0302540000","I","민대구(신선 또는 냉장)(메루키우스종ㆍ유르피키스종)","수입","0","0","2","20","2022-04-30"
"2022-04","0302550000","I","명태(신선 또는 냉장)(테라그라 찰코그라마)","수입","120520","333068","657334","2188295","2022-04-30"
"2022-04","0302820000","I","가오리와 홍어(라지대과)(신선 또는 냉장)","수입","95718","475114","274858","1443051","2022-04-30"
"2022-04","0302840000","I","농어(냉동)(디센트라르쿠스종)","수입","734","14552","4159","77017","2022-04-30"
"2022-04","0302850000","I","돔(신선 또는 냉장)(스파리대과)","수입","4876","22360","16838","96971","2022-04-30"
"2022-04","0302892000","I","갈치(신선 또는 냉장)","수입","33030","333418","191208","1806902","2022-04-30"
"2022-04","0302896000","I","돔(신선 또는 냉장)(스파리대과를 제외한다)","수입","108","3070","447","12226","2022-04-30"
"2022-04","0302899040","I","아귀(신선 또는 냉장)","수입","6980","14143","41820","116183","2022-04-30"
"2022-04","0302899090","I","기타(신선 또는 냉장)(삼치/복어/병어/아귀 외 기타)","수입","215","507","8631","23211","2022-04-30"
"2022-04","0302912000","I","어란(魚卵)ㆍ어백(魚白)","수입","0","0","33","2716","2022-04-30"
"2022-04","0302990000","I","기타","수입","232","1309","232","1309","2022-04-30"
"2022-04","0303110000","I","소크아이 연어(홍연어/옹코링쿠스 넬카)","수입","0","0","329181","2836098","2022-04-30"
"2022-04","0303120000","I","그 밖의 태평양 연어(옹코링쿠스 고르부스카/옹코링쿠스 케타/옹코링쿠스 차비차/옹코링쿠스 키수츠/옹코링쿠스 마소/옹코링쿠스 로두루스)","수입","7463677","23026304","22101939","60739780","2022-04-30"
"2022-04","0303130000","I","대서양연어(냉동)(살모 살라)와 다뉴브연어(후코 후코)","수입","149243","1232794","940480","7432529","2022-04-30"
"2022-04","0303140000","I","송어(살모 트루타/옹코링쿠스-미키스/클라키/아구아보니타/길래/아파케/크리소가스터)","수입","0","0","2","16","2022-04-30"
"2022-04","0303230000","I","틸라피아(냉동)(오레오크로미스종)","수입","98896","266583","345408","955669","2022-04-30"
"2022-04","0303240000","I","메기(냉동)(판가시우스종/실루러스종/클라리아스종/익타루러스종)","수입","102921","279778","460889","1133940","2022-04-30"
"2022-04","0303250000","I","잉어(사이프리너스 카르피오/카라시우스 카라시우스/크테노파린고돈 이델루스/하이포프탈미크티스종ㆍ시리누스종ㆍ마일로파린고돈 피세우스)","수입","8630","17896","29955","98320","2022-04-30"
"2022-04","0303260000","I","뱀장어(냉동)(앵귈라종)","수입","0","0","24000","300000","2022-04-30"
"2022-04","0303290000","I","연어(송어/ 대서양연어 등 이외 기타/냉동/피레트/ 어육제외)","수입","0","0","80136","246860","2022-04-30"
"2022-04","0303310000","I","넙치[레인하드티우스 히포글러소이데스/히포글러서스 히포글러서스/히포글러서스 스테노레피스)","수입","0","0","192239","1783675","2022-04-30"
"2022-04","0303320000","I","가자미(플루로넥테스 플라테사)","수입","0","0","33218","52517","2022-04-30"
"2022-04","0303330000","I","서대(간장/ 어란제외/냉동/피레트/ 어육제외)","수입","11259","26745","160082","626204","2022-04-30"
"2022-04","0303390000","I","넙치류(간장/ 어란제외/냉동/피레트/ 어육제외)","수입","0","0","64027","170971","2022-04-30"
"2022-04","0303391000","I","기타넙치류(냉동)","수입","997183","2402760","6802761","13608921","2022-04-30"
"2022-04","0303399000","I","기타넙치류(냉동)","수입","477565","1309497","2170814","6541232","2022-04-30"
"2022-04","0303410000","I","날개다랑어 또는 긴지느러미다랑어(터너스알라룽가/냉동)","수입","10952","35046","28861","82396","2022-04-30"
"2022-04","0303420000","I","황다랑어(터너스 알바카레스/냉동)","수입","129671","589180","974671","3802290","2022-04-30"
"2022-04","0303430000","I","가다랑어 또는 줄무늬버니토우(냉동)","수입","7518","9543","633849","1101433","2022-04-30"
"2022-04","0303440000","I","눈다랑어(냉동)","수입","14709","42052","176291","1124751","2022-04-30"
"2022-04","0303451000","I","대서양 참다랑어(냉동)(터너스 티너스)","수입","41144","340911","170319","1532289","2022-04-30"
"2022-04","0303452000","I","태평양 참다랑어(냉동)(터너스 오리엔탈리스)","수입","0","0","47538","925159","2022-04-30"
"2022-04","0303460000","I","남방참다랑어(터너스맥코이/냉동)","수입","4909","89330","99649","984301","2022-04-30"
"2022-04","0303490000","I","기타(냉동)","수입","0","0","1730","4459","2022-04-30"
"2022-04","0303510000","I","청어(클루페아 하렌구스/클루페아 팔라시)","수입","3160406","1807549","14542099","10003229","2022-04-30"
"2022-04","0303530000","I","정어리(냉동)(사르디나 필차르두스/사르디노프스종)","수입","6224943","2817083","24699664","10418893","2022-04-30"
"2022-04","0303540000","I","고등어(스콤버 스콤브루스/스콤버 오스트랄라시쿠스/스콤버 자포니쿠스)","수입","6504461","15842502","26124039","63164348","2022-04-30"
"2022-04","0303550000","I","전갱이(냉동)(트라커러스종)","수입","202000","408600","1147266","2300639","2022-04-30"
"2022-04","0303570000","I","황새치(자이피어스글래디어스)","수입","949112","7406642","2119288","16105215","2022-04-30"
"2022-04","0303591000","I","삼치[스콤버로모러스(Scomberomorus)종]","수입","0","0","74215","116339","2022-04-30"
"2022-04","0303592000","I","꽁치[콜로라비스 사이라(Cololabis saira)]","수입","514467","1621509","7852051","22813593","2022-04-30"
"2022-04","0303599000","I","기타","수입","1043804","841732","3811366","2868827","2022-04-30"
"2022-04","0303630000","I","대구(가두스 모르화/가두스 오각/가두스 마크로세팔루스)","수입","4428956","17969180","11171219","41285088","2022-04-30"
"2022-04","0303640000","I","민대구(메루키우스종/유르피키스종)","수입","0","0","106435","318804","2022-04-30"
"2022-04","0303660000","I","민대구(냉동)(메루키우스종 등 2종)","수입","0","0","50400","63766","2022-04-30"
"2022-04","0303670000","I","명태(냉동)(테라그라 찰코그라마)","수입","47447823","53932365","130674932","138254489","2022-04-30"
"2022-04","0303680000","I","블루 화이팅스(마이크로메시스티우스 포우타소우/마이크로메시스티우스 오스트랄리스)","수입","119984","60584","225869","111938","2022-04-30"
"2022-04","0303699000","I","기타(냉동)(새꼬리민태 외 기타)","수입","0","0","44844","56380","2022-04-30"
"2022-04","0303810000","I","곱상어와 기타 상어(냉동)","수입","112073","443193","384176","1382535","2022-04-30"
"2022-04","0303821000","I","가오리(냉동)","수입","4257","7111","85334","227501","2022-04-30"
"2022-04","0303822000","I","홍어(냉동)","수입","301491","1357559","1273365","6162318","2022-04-30"
"2022-04","0303830000","I","이빨고기(냉동)(디소스티쿠스종)","수입","0","0","145665","2106568","2022-04-30"
"2022-04","0303840000","I","농어(신선 또는 냉장)(디센트라르쿠스종)","수입","58","248","103","647","2022-04-30"
"2022-04","0303891000","I","은대구(냉동)","수입","2722","39524","25763","358135","2022-04-30"
"2022-04","0303892000","I","갈치(냉동)","수입","1103512","3915847","3304597","12000181","2022-04-30"
"2022-04","0303893010","I","옥돔(냉동)(브랜치오스테거스 자포니커스)","수입","22704","147909","263712","1810041","2022-04-30"
"2022-04","0303893020","I","옥두어(냉동)(브랜치오스테거스 알부스)","수입","131200","813682","195376","1158111","2022-04-30"
"2022-04","0303893090","I","돔(냉동)(기타)","수입","122332","667297","465145","2387707","2022-04-30"
"2022-04","0303894000","I","붕장어(냉동)","수입","0","0","1000","6319","2022-04-30"
"2022-04","0303895000","I","조기(냉동)","수입","0","0","80381","412609","2022-04-30"
"2022-04","0303895010","I","조기(냉동)","수입","536144","1452846","1534348","4132927","2022-04-30"
"2022-04","0303895020","I","조기(냉동)","수입","354560","1489984","3368004","15234141","2022-04-30"
"2022-04","0303895090","I","조기(냉동)","수입","21080","85193","140762","736343","2022-04-30"
"2022-04","0303898000","I","복어(냉동)","수입","282645","549826","1923665","4008981","2022-04-30"
"2022-04","0303899040","I","임연수어(냉동)","수입","1570878","3142219","4342193","8633922","2022-04-30"
"2022-04","0303899050","I","볼낙(냉동)(적어를 포함한다)","수입","218291","445055","3296797","5670918","2022-04-30"
"2022-04","0303899060","I","아귀(냉동)","수입","2360620","3705537","11862251","20239001","2022-04-30"
"2022-04","0303899070","I","먹장어(냉동)(대서양 또는 태평양)","수입","229829","753615","540071","1779557","2022-04-30"
"2022-04","0303899080","I","밀크피쉬(냉동)","수입","130753","197128","434431","681688","2022-04-30"
"2022-04","0303899091","I","민어(냉동)","수입","1106781","5362703","5634230","25855323","2022-04-30"
"2022-04","0303899092","I","까나리(냉동)","수입","4352650","2784719","6197733","4046239","2022-04-30"
"2022-04","0303899099","I","기타어류(냉동)","수입","1488493","3404841","5660924","11997346","2022-04-30"
"2022-04","0303911000","I","간","수입","0","0","420","1702","2022-04-30"
"2022-04","0303912010","I","명란","수입","1370116","9389632","3481358","23353839","2022-04-30"
"2022-04","0303912090","I","기타","수입","2667892","8884254","6349955","20299456","2022-04-30"
"2022-04","0303990000","I","기타","수입","335250","1100104","1418905","4836637","2022-04-30"
"2022-04","0304320000","I","메기(신선 또는 냉장한 피레트)(판가시우스종/실루러스종/클라리아스종/익타루러스종)","수입","0","0","3","53","2022-04-30"
"2022-04","0304410000","I","태평양 연어(옹코링쿠스- 넬카/고르부스카/케타/차비차/키수츠/마소//로두루스/ 대서양 연어(살모 살라/다뉴브 연어)","수입","468680","8653296","2373381","39244233","2022-04-30"
"2022-04","0304420000","I","송어(살모 트루타/옹코링쿠스-미키스/ 클라키/아구아보니타/길래/아파케/ 크리소가스터)","수입","0","0","252","4701","2022-04-30"
"2022-04","0304492000","I","참다랑어(신선 또는 냉장한 피레트)","수입","1428","66106","4247","203317","2022-04-30"
"2022-04","0304499000","I","기타(신선 또는 냉장한 피레트)","수입","0","0","47","566","2022-04-30"
"2022-04","0304520000","I","연어과(연육/ 기타)","수입","0","0","0","5","2022-04-30"
"2022-04","0304599090","I","기타(연육 외 기타)(기타/신선 또는 냉장한 것)","수입","1","44","1","44","2022-04-30"
"2022-04","0304610000","I","틸라피아(냉동한 피레트)(오레오크로미스종)","수입","27959","291859","129610","1304290","2022-04-30"
"2022-04","0304620000","I","메기(냉동한 피레트)(판가시우스종/실루러스종/클라리아스종/익타루러스종)","수입","66412","268955","248913","935354","2022-04-30"
"2022-04","0304690000","I","틸라피아/메기/잉어/뱀장어/나일퍼치 종의 기타(냉동한 피레트)","수입","0","0","23","487","2022-04-30"
"2022-04","0304710000","I","대구(가두스 모르화/가두스 오각/가두스 마크로세팔루스)","수입","27564","155714","235874","1500783","2022-04-30"
"2022-04","0304740000","I","민대구(냉동한 피레트)(메루키우스종ㆍ유르피키스종)","수입","0","0","32340","82534","2022-04-30"
"2022-04","0304750000","I","명태(냉동한 피레트)(테라그라 찰코그라마)","수입","1919263","5751410","6868057","22138374","2022-04-30"
"2022-04","0304790000","I","브레그마세로티대과외6종무리에놀레피디대과어류의(냉동한피레트)","수입","23000","85642","72190","355426","2022-04-30"
"2022-04","0304810000","I","태평양 연어(옹코링쿠스 -넬카/고르부스카/케타/차비차/키수츠/마소/로두루스)/ 대서양 연어(살모 살라)/다뉴브 연어(후코 후코))","수입","39771","279491","218673","1527160","2022-04-30"
"2022-04","0304831000","I","가자미(냉동한 피레트)","수입","215170","991562","501127","2287300","2022-04-30"
"2022-04","0304839000","I","넙치류 기타(냉동한 피레트)","수입","1050","7322","3150","20342","2022-04-30"
"2022-04","0304840000","I","황새치(냉동한 피레트)(자이피어스 글래디어스)","수입","35916","536101","111342","1699578","2022-04-30"
"2022-04","0304850000","I","이빨고기(냉동한 피레트)(디소스티쿠스종)","수입","0","0","2033","59026","2022-04-30"
"2022-04","0304871000","I","참다랑어(냉동한 피레트)","수입","1067903","27985414","3340627","98505883","2022-04-30"
"2022-04","0304879000","I","다랑어 기타(냉동한 피레트)","수입","90740","852780","357401","3350405","2022-04-30"
"2022-04","0304891000","I","붕장어의 것(냉동한 피레트)","수입","63478","273280","478178","2377368","2022-04-30"
"2022-04","0304893000","I","틸라피아(냉동한 피레트)(오레오크로미스종은 제외한다)의 것","수입","750","21150","750","21150","2022-04-30"
"2022-04","0304894000","I","쥐치의 것(냉동한 피레트)","수입","14800","100900","17620","117590","2022-04-30"
"2022-04","0304895000","I","고등어의것(냉동한 것)","수입","439424","2169249","1364192","6650961","2022-04-30"
"2022-04","0304899000","I","기타어류의 기타(냉동한 피레트)","수입","517169","2341047","1544044","6926556","2022-04-30"
"2022-04","0304919000","I","황새치(기타/냉동)","수입","0","0","3980","35084","2022-04-30"
"2022-04","0304941000","I","명태 냉동연육","수입","2277420","9393957","6114460","24140693","2022-04-30"
"2022-04","0304949000","I","명태 냉동연육 외 기타","수입","48898","113444","73775","275844","2022-04-30"
"2022-04","0304991000","I","기타 냉동연육","수입","9095260","15840699","40376419","67144676","2022-04-30"
"2022-04","0304999000","I","기타 냉동연육 외 기타","수입","24450","68691","180641","606340","2022-04-30"
"2022-04","0305201000","I","어류간장(건조/훈제/염장)","수입","0","0","9","92","2022-04-30"
"2022-04","0305202000","I","어란(건조)","수입","70","8921","142","17937","2022-04-30"
"2022-04","0305204090","I","어란(명태/ 조기/ 청어이외 기타/염장/ 염수장)","수입","5955","48962","8490","78889","2022-04-30"
"2022-04","0305311000","I","틸라피아/메기/잉어/뱀장어/나일퍼치 종의 건조한 것","수입","1497","18685","6124","72672","2022-04-30"
"2022-04","0305321000","I","브레그마세로티대과외6종무리에놀레피디대과어류 건조한것","수입","6000","74127","44280","535737","2022-04-30"
"2022-04","0305391000","I","기타어류의 피레트(건조한것)","수입","600","6495","1801","18013","2022-04-30"
"2022-04","0305392000","I","기타어류의 피레트(염장 또는 염수장한 것)","수입","0","0","12","50","2022-04-30"
"2022-04","0305410000","I","태평양 연어(옹코링쿠스- 넬카/고르부스카/케타/차비차/키수츠/마소/로두루스)/ 대서양 연어(살모 살라)/ 다뉴브 연어(후코 후코))","수입","5416","73706","12042","178210","2022-04-30"
"2022-04","0305420000","I","청어(훈제)","수입","756","2398","1620","4213","2022-04-30"
"2022-04","0305430000","I","송어(훈제한 어류)","수입","0","8","0","8","2022-04-30"
"2022-04","0305440000","I","틸라피아/메기/잉어/뱀장어/나일퍼치 종의 훈제한 것","수입","443","1830","443","1830","2022-04-30"
"2022-04","0305491000","I","멸치(훈제/피레트포함)","수입","0","0","288","1158","2022-04-30"
"2022-04","0305492000","I","명태(훈제/피레트포함)","수입","67","871","7012","67715","2022-04-30"
"2022-04","0305499000","I","어류(연어/ 청어/ 멸치/ 명태이외 기타/훈제/피레트 포함)","수입","99727","806220","422306","3601648","2022-04-30"
"2022-04","0305510000","I","대구(건조/염장불문/훈제제외)","수입","5785","58963","96570","881709","2022-04-30"
"2022-04","0305520000","I","틸라피아[오레오크로미스(Oreochromis)종]/ 메기[판가시우스(Pangasius)종ㆍ실루러스(Silurus)종ㆍ클라리아스(Clarias)종ㆍ익타루러스(Ictalurus)종]/ 잉어[사이","수입","0","0","1800","14168","2022-04-30"
"2022-04","0305530000","I","대구[가두스 모르화(Gadus morhua)ㆍ가두스 오각(Gadus ogac)ㆍ가두스 마크로세팔루스(Gadus macrocephalus)] 이외의 브레그마세로티대(Bregmacerotidae)과ㆍ유","수입","0","0","1","25","2022-04-30"
"2022-04","0305531000","I","기타 어류(건조)","수입","596890","6405494","1990147","21725296","2022-04-30"
"2022-04","0305539000","I","기타 어류(건조)","수입","27","482","70","1290","2022-04-30"
"2022-04","0305541000","I","멸치[엔그라울리스(Engraulis)종]","수입","638","2767","1893","10712","2022-04-30"
"2022-04","0305549000","I","기타","수입","3624","13174","7206","39873","2022-04-30"
"2022-04","0305593000","I","명태(건조/염장불문/훈제제외)","수입","0","0","14800","129508","2022-04-30"
"2022-04","0305594000","I","조기(건조/염장불문/훈제제외)","수입","0","0","0","26","2022-04-30"
"2022-04","0305595000","I","복어(건조/염장불문/훈제제외)","수입","0","0","28000","327564","2022-04-30"
"2022-04","0305599000","I","어류(대구/상어지느러미/멸치/명태/조기등외기타건조/훈제제외)","수입","73070","268987","630901","2873878","2022-04-30"
"2022-04","0305610000","I","청어(염장/염수장)","수입","5262","15166","7346","19691","2022-04-30"
"2022-04","0305631000","I","멸치젓(염장/염수장)","수입","50","929","446","7028","2022-04-30"
"2022-04","0305695000","I","고등어(염장/염수장)","수입","0","0","7","86","2022-04-30"
"2022-04","0305699000","I","어류(청어/대구/연어/송어/갈치/정어리/고등어 등 이외)","수입","310","3009","1733","16973","2022-04-30"
"2022-04","0305711000","I","상어 지느러미(훈제한 것)","수입","0","0","2","53","2022-04-30"
"2022-04","0305712000","I","상어 지느러미(건조한 것)","수입","1","35","121","39574","2022-04-30"
"2022-04","0305713000","I","상어 지느러미(염장 또는 염수장한것)","수입","0","0","6","28","2022-04-30"
"2022-04","0305720000","I","대구(가두스모르화)/ 대구 이외","수입","52774","175352","163144","561092","2022-04-30"
"2022-04","0305790000","I","기타 어류의 머리 꼬리","수입","11891","44909","102266","457359","2022-04-30"
"2022-04","0306119000","I","닭새우류(팔리누루스종 파누리루스종 자수스종)(냉동한것)(기타)","수입","0","0","27673","73767","2022-04-30"
"2022-04","0306129000","I","바닷가재(호마루스종)(냉동한 것) 훈제한 것(기타)","수입","107923","4387812","422263","15106721","2022-04-30"
"2022-04","0306141090","I","게살(냉동한 것) 훈제한 것(기타)","수입","11763","127834","34524","384516","2022-04-30"
"2022-04","0306142000","I","왕게(냉동)","수입","62090","279860","177368","6120621","2022-04-30"
"2022-04","0306143090","I","꽃게(냉동한 것) 기타","수입","1045897","3481554","4598255","15839306","2022-04-30"
"2022-04","0306149090","I","갑각류 기타(냉동한 것)(훈제한것 외 기타)","수입","1352088","11069220","4492797","32611098","2022-04-30"
"2022-04","0306159000","I","노르웨이 바닷가재(네프로프스 노르베지쿠스)(냉동한 것)(기타)","수입","60","2821","410","20795","2022-04-30"
"2022-04","0306161090","I","냉수성 새우류(판달러스종/크란곤 크란곤)의 새우살(냉동한 것)(훈제한 것 외 기타)","수입","3569","115077","13802","367734","2022-04-30"
"2022-04","0306169090","I","냉수성 새우류(판달러스종/크란곤 크란곤)기타(냉동한 것)(훈제한 것)","수입","112202","1397805","465780","4967330","2022-04-30"
"2022-04","0306171010","I","기타의 새우류의 새우살(냉동한 것)(훈제한 것)","수입","0","0","17","101","2022-04-30"
"2022-04","0306171090","I","기타의 새우류의 새우살(냉동한 것)(훈제한 것 외 기타)","수입","3509023","33817125","12711803","119354949","2022-04-30"
"2022-04","0306179090","I","기타의 새우류의 기타(냉동한 것)(훈제한 것 외 기타)","수입","0","0","138021","761663","2022-04-30"
"2022-04","0306179091","I","흰다리새우{리토페나에수스바나메이)","수입","1740694","12392207","6783008","48128005","2022-04-30"
"2022-04","0306179099","I","기타","수입","463210","4478237","1842003","18020295","2022-04-30"
"2022-04","0306199000","I","기타[분ㆍ조분 및 펠리트를 포함(식용에 적합)](냉동한 것)(훈제한 것 외 기타)","수입","27194","234061","121196","1042096","2022-04-30"
"2022-04","0306310000","I","닭새우류[팔리누루스(Palinurus)종ㆍ파누리루스(Panulirus)종ㆍ자수스(Jasus)종]","수입","4947","174777","15035","562981","2022-04-30"
"2022-04","0306320000","I","바닷가재[호마루스(Homarus)종]","수입","123505","4149165","558609","19417818","2022-04-30"
"2022-04","0306332000","I","대게","수입","1154787","25561154","3382037","90107862","2022-04-30"
"2022-04","0306339000","I","게(기타)","수입","1206508","19130290","3776582","73181242","2022-04-30"
"2022-04","0306360000","I","그 밖의 새우류","수입","708","53428","2922","549483","2022-04-30"
"2022-04","0306390000","I","기타[식용에 적합한 것으로서 고운 가루ㆍ거친 가루와 펠릿(pellet)을 포함한다]","수입","101","6748","237","15793","2022-04-30"
"2022-04","0306930000","I","게(건조/ 염상/염수장/ 훈제/ 기타)-게살포함","수입","1440","10436","12983","62071","2022-04-30"
"2022-04","0306951020","I","건조한 것","수입","2","2","16","116","2022-04-30"
"2022-04","0306951040","I","훈제한 것","수입","6","74","86","817","2022-04-30"
"2022-04","0306959020","I","건조한 것","수입","142443","1646011","430777","5073090","2022-04-30"
"2022-04","0306959030","I","염장이나 염수장한 것","수입","1074037","1005086","3052287","2867758","2022-04-30"
"2022-04","0306959040","I","훈제한 것","수입","3","22","21","265","2022-04-30"
"2022-04","0306992000","I","건조한 것","수입","186","1383","338","2658","2022-04-30"
"2022-04","0306993000","I","염장이나 염수장한 것","수입","4687","20256","8794","39838","2022-04-30"
"2022-04","0307111090","I","굴치패 종패용 외 기타(산 것  신선 또는 냉장한 것)","수입","0","0","0","139","2022-04-30"
"2022-04","0307119000","I","굴치패 기타(산 것 신선 또는 냉장한 것)","수입","400","3851","1212","12359","2022-04-30"
"2022-04","0307120000","I","냉동한 것","수입","0","0","2","17","2022-04-30"
"2022-04","0307192000","I","기타 굴(건조한 것)","수입","2004","14731","2007","14741","2022-04-30"
"2022-04","0307193000","I","기타 굴(염장 또는 염수장","수입","0","0","6680","20140","2022-04-30"
"2022-04","0307210000","I","가리비과의 조개(산것/신선/ 냉장)","수입","0","0","26822","101774","2022-04-30"
"2022-04","0307211000","I","가리비과의조개(산것/ 신선/ 냉장) - 펙텐/ 클라미스/ 프라코펙텐 속의 것","수입","0","0","17968","34504","2022-04-30"
"2022-04","0307219000","I","가리비과의조개 기타(산것/ 신선/ 냉장) - 펙텐/ 클라미스/ 프라코펙텐 속의 것 제외","수입","829929","3142877","3373021","12948050","2022-04-30"
"2022-04","0307221000","I","가리비과의조개(냉동)","수입","120","4260","59718","298434","2022-04-30"
"2022-04","0307229000","I","가리비과의조개(냉동)","수입","60900","399837","325528","2130433","2022-04-30"
"2022-04","0307291000","I","가리비과의조개(냉동)","수입","0","0","1","123","2022-04-30"
"2022-04","0307299000","I","기타 가리비과의조개(기타)","수입","1","22","458","40229","2022-04-30"
"2022-04","0307310000","I","홍합(산것/신선/냉장)","수입","3390","11434","8850","34374","2022-04-30"
"2022-04","0307320000","I","냉동한 것","수입","335","1993","1458","10373","2022-04-30"
"2022-04","0307392000","I","홍합(건조)","수입","502","9286","1012","27862","2022-04-30"
"2022-04","0307399000","I","홍합(산 것/ 신선/ 냉장/ 냉동/ 건조 이외 기타)","수입","0","0","100","4789","2022-04-30"
"2022-04","0307421010","I","세피아 오피시날리스(Sepia officinalis)ㆍ로시아 마크로소마(Rossia macrosoma)ㆍ세피올라(Sepiola)종","수입","0","0","2","16","2022-04-30"
"2022-04","0307421090","I","기타","수입","360","4139","1292","14477","2022-04-30"
"2022-04","0307431010","I","세피아 오피시날리스(Sepia officinalis)ㆍ로시아 마크로소마(Rossia macrosoma)ㆍ세피올라(Sepiola)종","수입","2640","17876","10945","81938","2022-04-30"
"2022-04","0307431090","I","기타","수입","323339","2261951","1923040","12246422","2022-04-30"
"2022-04","0307432010","I","옴마스트레페스(Ommastrephes)종ㆍ로리고(Loligo)종ㆍ노토토다루스(Nototodarus)종ㆍ세피오투디스(Sepioteuthis)종","수입","179993","1009856","793150","3994834","2022-04-30"
"2022-04","0307432090","I","기타","수입","8342713","17215835","29166540","61761044","2022-04-30"
"2022-04","0307493010","I","갑오징어[세피아 오피시날리스(Sepia officinalis)ㆍ로시아 마크로소마(Rossia macrosoma)ㆍ세피올라(Sepiola)종]와 오징어[옴마스트레페스(Ommastrephes)종ㆍ로","수입","40830","1319830","174179","5232028","2022-04-30"
"2022-04","0307493090","I","기타","수입","56993","801779","184894","2502696","2022-04-30"
"2022-04","0307494090","I","기타","수입","0","21","74","909","2022-04-30"
"2022-04","0307511000","I","낙지(산것/신선/ 냉장)","수입","454584","10195609","1408127","27875763","2022-04-30"
"2022-04","0307512000","I","주꾸미(산것/신선/ 냉장)","수입","732059","3077147","1359576","5756131","2022-04-30"
"2022-04","0307519000","I","기타문어(산것/신선/ 냉장)","수입","2","7","5","40","2022-04-30"
"2022-04","0307521000","I","문어","수입","276841","2937305","948973","9870344","2022-04-30"
"2022-04","0307522000","I","낙지","수입","1558792","11130029","6783558","47591596","2022-04-30"
"2022-04","0307523000","I","쭈꾸미","수입","2247841","15902343","8406086","58994281","2022-04-30"
"2022-04","0307529000","I","기타","수입","2","31","9","41","2022-04-30"
"2022-04","0307592000","I","문어(건조)","수입","0","0","3","25","2022-04-30"
"2022-04","0307599000","I","문어(산것/ 신선/ 냉장/ 냉동/ 건조 이외 기타)","수입","22028","154474","54082","393898","2022-04-30"
"2022-04","0307600000","I","달팽이","수입","0","0","16792","55509","2022-04-30"
"2022-04","0307711000","I","백합","수입","1298461","1785805","4522281","6212464","2022-04-30"
"2022-04","0307711090","I","백합 기타(산 것 신선 또는 냉장한 것)","수입","0","0","10760","15060","2022-04-30"
"2022-04","0307712090","I","피조개 기타(산 것  신선 또는 냉장한 것)","수입","0","0","107240","198845","2022-04-30"
"2022-04","0307714000","I","바지락(산 것 신선 또는 냉장한 것)","수입","1732735","2976712","7674220","11917434","2022-04-30"
"2022-04","0307715000","I","개조개","수입","38400","211923","203200","1030826","2022-04-30"
"2022-04","0307719000","I","클램/ 새조개 및 피조개 기타(산 것 / 신선 또는 냉장한 것)","수입","307410","720176","1385262","3162477","2022-04-30"
"2022-04","0307721000","I","새조개","수입","0","0","15685","143691","2022-04-30"
"2022-04","0307723000","I","바지락","수입","178970","266999","798577","1373738","2022-04-30"
"2022-04","0307724000","I","피조개","수입","6180","37168","8460","50906","2022-04-30"
"2022-04","0307725000","I","개조개","수입","0","0","32648","214607","2022-04-30"
"2022-04","0307729000","I","기타","수입","119754","339538","515999","1540299","2022-04-30"
"2022-04","0307792010","I","개량조개(건조)","수입","0","0","4500","36000","2022-04-30"
"2022-04","0307793020","I","바지락(염장 또는 염수장한 것)","수입","0","0","82470","317364","2022-04-30"
"2022-04","0307793090","I","클램/ 새조개 및 피조개 기타(염장 또는 염수장한 것)","수입","1","6","22","148","2022-04-30"
"2022-04","0307794090","I","새조개(훈제한 것)(기타)","수입","0","0","6","70","2022-04-30"
"2022-04","0307871000","I","건조한 것","수입","1","3","1","3","2022-04-30"
"2022-04","0307872000","I","염장이나 염수장한 것","수입","0","0","5","90","2022-04-30"
"2022-04","0307913000","I","개아지살(산 것 신선 또는 냉장한 것)","수입","50","6388","175","22028","2022-04-30"
"2022-04","0307919000","I","기타[분 조분 펠리트 포함(식용 적합)]의 기타(산/신선/냉장)","수입","30","549","107665","377319","2022-04-30"
"2022-04","0307921000","I","개아지살","수입","99086","1708601","411366","6196291","2022-04-30"
"2022-04","0307929000","I","기타","수입","48505","119382","728754","7680899","2022-04-30"
"2022-04","0307992900","I","기타[분 조분 펠리트를 포함(식용에 적합한)]의 기타(건조)","수입","515","21357","3852","154752","2022-04-30"
"2022-04","0307993000","I","소라/ 기타연체동물(염장/ 염수장)","수입","33","285","35","311","2022-04-30"
"2022-04","0307994110","I","골뱅이 (훈제한 것)(밀폐용기에 넣은 것)","수입","0","0","22","1444","2022-04-30"
"2022-04","0307994900","I","기타[분 조분 펠리트를 포함(식용에 적합한)]의 기타(훈제한 것)","수입","0","0","47","224","2022-04-30"
"2022-04","0308110000","I","해삼(산 것 신선 또는 냉장한 것)","수입","7","87","35","367","2022-04-30"
"2022-04","0308120000","I","냉동한 것","수입","0","0","22013","127786","2022-04-30"
"2022-04","0308192000","I","해삼(건조한 것)","수입","423","16884","527","29701","2022-04-30"
"2022-04","0308193000","I","해삼(염장 또는 염수장한 것)","수입","0","7","3","25","2022-04-30"
"2022-04","0308210000","I","성게(산 것 신선 또는 냉장한 것)","수입","11401","1554183","39005","5223359","2022-04-30"
"2022-04","0308220000","I","냉동한 것","수입","3220","184399","10363","461500","2022-04-30"
"2022-04","0308292000","I","성게(건조한 것)","수입","0","0","1","106","2022-04-30"
"2022-04","0308301000","I","해파리(산 것 신선 또는 냉장한 것)","수입","0","0","13","343","2022-04-30"
"2022-04","0308304000","I","해파리(염장 또는 염수장한 것)","수입","373928","818709","1304207","2932865","2022-04-30"
"2022-04","0308901019","I","우렁쉥이(기타)(산 것 신선 또는 냉장한 것)","수입","0","0","280962","663066","2022-04-30"
"2022-04","0308901090","I","수생무척추동물의 기타(산 것)","수입","14249","266735","47883","959322","2022-04-30"
"2022-04","0308902090","I","수생무척추동물의 기타(냉동 한것)","수입","0","0","10","272","2022-04-30"
"2022-04","0308903000","I","우렁쉥이/ 기타수생무척추동물(건조)-해삼/성게/해파리 제외","수입","0","0","4","236","2022-04-30"
"2022-04","0309100000","I","식용어류분","수입","1500","30526","29540","185183","2022-04-30"
"2022-04","0309901000","I","식용어류분","수입","0","0","2","31","2022-04-30"
"2022-04","0309909000","I","식용어류분","수입","48","253","48","253","2022-04-30"
"2022-04","0508001000","I","산호(coral)","수입","27011","12665","30442","23507","2022-04-30"
"2022-04","0508002010","I","진주패각","수입","190","248","190","248","2022-04-30"
"2022-04","0508002020","I","청패각(전복)","수입","0","0","5950","72590","2022-04-30"
"2022-04","0508002030","I","첩패각과 지첩패각","수입","233620","236322","1059649","1036526","2022-04-30"
"2022-04","0508002040","I","야광패각(소라)","수입","41150","106941","58665","144588","2022-04-30"
"2022-04","0508002090","I","기타패각","수입","1908179","478528","3672812","890637","2022-04-30"
"2022-04","0508009000","I","연체동물/갑각류/극피동물","수입","36522","13082","60785","28956","2022-04-30"
"2022-04","0511911010","I","부화용알(브라인슈림프알)","수입","5131","361317","25061","971599","2022-04-30"
"2022-04","0511911090","I","부화용알(브라인슈림프 알 이","수입","12","6469","108","51769","2022-04-30"
"2022-04","0511912000","I","어류의웨이스트","수입","260423","555405","1062233","2002894","2022-04-30"
"2022-04","0511919000","I","어류/갑각류/연체동물/수행동","수입","56159","168227","146525","425241","2022-04-30"
"2022-04","0511996000","I","동물성의해면","수입","17","4601","1054","33298","2022-04-30"
"2022-04","1212211010","I","김(건조한 것)(식용의 것)","수입","694","1370","32182","634988","2022-04-30"
"2022-04","1212211090","I","김(기타)(식용의 것)","수입","11","228","150","10008","2022-04-30"
"2022-04","1212212010","I","미역(건조한 것)(식용의 것)","수입","32804","263169","121915","856906","2022-04-30"
"2022-04","1212212020","I","미역(염장한 것)(식용의 것)","수입","218855","303579","644050","1255841","2022-04-30"
"2022-04","1212212090","I","미역(기타)(식용의 것)","수입","0","0","6","73","2022-04-30"
"2022-04","1212213010","I","톳(건조한 것)(식용의 것)","수입","6100","68086","12943","104717","2022-04-30"
"2022-04","1212213090","I","톳(기타)(식용의 것)","수입","0","0","3","30","2022-04-30"
"2022-04","1212214090","I","파래(기타)(식용의 것)","수입","0","0","2","30","2022-04-30"
"2022-04","1212215010","I","다시마(염장한 것)(식용의 것)","수입","0","0","8","45","2022-04-30"
"2022-04","1212215090","I","다시마(기타)(식용의 것)","수입","17","164","92","982","2022-04-30"
"2022-04","1212218029","I","진두발(기타)(식용의 것)","수입","144","13058","305","27982","2022-04-30"
"2022-04","1212218031","I","말(냉동)(식용의 것)","수입","180","1442","720","6083","2022-04-30"
"2022-04","1212219019","I","코토니 및 스피노잠(기타)(식용의 것)","수입","581320","1549021","989820","2369354","2022-04-30"
"2022-04","1212219091","I","해초류와 기타조류 기타(냉동)(식용의 것)","수입","0","0","7800","25023","2022-04-30"
"2022-04","1212219099","I","해초류와 기타조류 기타(기타)(식용의 것)","수입","110808","137040","466122","517531","2022-04-30"
"2022-04","1212291090","I","김(기타)","수입","2","23","7","188","2022-04-30"
"2022-04","1212292090","I","미역(기타)","수입","16","166","2028","4365","2022-04-30"
"2022-04","1212293090","I","톳(기타)","수입","0","0","1","23","2022-04-30"
"2022-04","1212294090","I","파래(기타)","수입","30400","48243","57700","86566","2022-04-30"
"2022-04","1212295090","I","다시마(기타)","수입","1933","1733","29247","48138","2022-04-30"
"2022-04","1212298019","I","도박(기타)","수입","0","0","1","54","2022-04-30"
"2022-04","1212298029","I","진두발(기타)","수입","0","0","66","4520","2022-04-30"
"2022-04","1212299099","I","해초류와 기타조류 기타(기타)","수입","36007","51967","103629","184517","2022-04-30"
"2022-04","1302311000","I","실한천","수입","1201","17785","6981","120668","2022-04-30"
"2022-04","1302312000","I","분한천","수입","3302","52393","67584","937537","2022-04-30"
"2022-04","1302319000","I","한천(실한천/분한천 이외 기타)","수입","4","881","876","69047","2022-04-30"
"2022-04","1504101000","I","상어의 간유(肝油)와 그 분획물","수입","16201","287034","24011","374905","2022-04-30"
"2022-04","1504109000","I","어류의간유/분획물(상어의간유","수입","1","45","2497","31961","2022-04-30"
"2022-04","1504200000","I","어류의 지방과 기름 및 그 분획물[간유(肝油)는 제외한다]","수입","558969","1101146","3034300","5541882","2022-04-30"
"2022-04","1504309000","I","기타해서포유동물의 유지와 그","수입","14","2295","383","7259","2022-04-30"
"2022-04","1603003000","I","어류의액스","수입","41987","177157","1045530","1226060","2022-04-30"
"2022-04","1603004000","I","어류의즙","수입","110001","152742","1130049","1076529","2022-04-30"
"2022-04","1603009000","I","갑각류/연체동물/수생동물의","수입","45952","388890","140076","842261","2022-04-30"
"2022-04","1604111000","I","연어(조제/밀폐용기에 넣은 것)","수입","1049","20751","1415","30222","2022-04-30"
"2022-04","1604119000","I","연어(조제/밀페용기에 넣은 것 이외 기타)","수입","1381","26135","11265","172805","2022-04-30"
"2022-04","1604121000","I","청어(밀폐용기에넣은것)","수입","5903","32349","28192","86831","2022-04-30"
"2022-04","1604129000","I","청어(통조림외조제품)","수입","4","327","14","648","2022-04-30"
"2022-04","1604131000","I","정어리(밀폐용기에넣은것)","수입","32634","71062","66204","156426","2022-04-30"
"2022-04","1604139000","I","정어리(통조림외조제품)","수입","91","1938","187","3807","2022-04-30"
"2022-04","1604141011","I","다랭이(기름담금)","수입","19575","84884","48683","216709","2022-04-30"
"2022-04","1604141012","I","다랭이(보일드)","수입","21","423","4577","25302","2022-04-30"
"2022-04","1604141019","I","다랭이류(다랭이/ 가다랭이 이외 기타/조제/밀폐용기에 넣은 것)","수입","1896","8422","23676","181543","2022-04-30"
"2022-04","1604141021","I","다랭이류(조제/밀폐용기에 넣은 것 이외 기타)","수입","18612","61050","64359","308014","2022-04-30"
"2022-04","1604141029","I","가다랭이(기타)","수입","17569","49945","52735","149875","2022-04-30"
"2022-04","1604141031","I","버니토우(기름담근것(밀폐용기","수입","0","0","56189","246254","2022-04-30"
"2022-04","1604141039","I","버니토우(기타)","수입","50","780","2043","29296","2022-04-30"
"2022-04","1604149000","I","다랭이류(조제/밀폐용기에 넣은 것 이외 기타)","수입","45027","201950","104669","546410","2022-04-30"
"2022-04","1604151000","I","고등어(조제/밀폐용기에 넣은 것)","수입","40901","145518","132373","596590","2022-04-30"
"2022-04","1604159000","I","고등어(조제/밀폐용기에 넣은 것 이외 기타)","수입","2008","18025","5852","49720","2022-04-30"
"2022-04","1604161000","I","멸치(조제/밀폐용기에 넣은 것)","수입","5289","90900","14834","240696","2022-04-30"
"2022-04","1604169000","I","전갱이(조제/밀폐용기에 넣은 것 이외 기타)","수입","3082","30060","12473","132288","2022-04-30"
"2022-04","1604171000","I","뱀장어(조제 또는 저장처리)(밀폐용기에 넣은 것)","수입","8010","181214","25310","546523","2022-04-30"
"2022-04","1604179000","I","뱀장어(조제 또는 저장처리)","수입","83502","1663283","430237","8263805","2022-04-30"
"2022-04","1604180000","I","상어지느러미/ 기타조제저장처리상어지느러미(밀폐용기에넣은것 포함/ 밀폐용기이외)","수입","0","0","7094","591540","2022-04-30"
"2022-04","1604191010","I","꽁치(통조림외조제품)","수입","4","30","9","137","2022-04-30"
"2022-04","1604191020","I","전갱이(밀폐용기에넣은것)","수입","0","0","18360","52200","2022-04-30"
"2022-04","1604191090","I","어류조제품(연어/청어/정어리/고등어 등 밀폐용기에넣은것)","수입","4950","23714","41870","169773","2022-04-30"
"2022-04","1604199010","I","쥐치포(조제/밀페용기 이외 기타)","수입","464316","3949683","1886224","16210997","2022-04-30"
"2022-04","1604199090","I","어류조제품(연어/청어/고등어/기타/조제/밀폐용기에 넣은 것)","수입","915683","4645100","3636141","18677485","2022-04-30"
"2022-04","1604201000","I","생선페이스트","수입","121","1261","2112","16525","2022-04-30"
"2022-04","1604202000","I","생선마리네이드","수입","5273","44879","9874","78139","2022-04-30"
"2022-04","1604203000","I","생선소시지","수입","360","2633","821","6005","2022-04-30"
"2022-04","1604204010","I","생선묵(게맛)","수입","173539","563920","497056","1610228","2022-04-30"
"2022-04","1604204090","I","생선묵(게맛의 것 이외 기타)","수입","244109","1087363","1060205","4555752","2022-04-30"
"2022-04","1604209000","I","어류조제/저장제품(생선 페이스트/마리네이드/소시지/생선묵)","수입","307851","1332403","1092852","5363945","2022-04-30"
"2022-04","1604310000","I","캐비아","수입","55","50569","650","547501","2022-04-30"
"2022-04","1604320000","I","캐비아 대용물","수입","162303","2490305","869639","13097724","2022-04-30"
"2022-04","1605101010","I","게살(밀폐용기에넣은것)","수입","35","580","125","2165","2022-04-30"
"2022-04","1605101091","I","붉은 대게살(밀폐용기에 넣은 것/ 훈제한 것 이외 기타)","수입","0","0","2","20","2022-04-30"
"2022-04","1605101099","I","기타 게살(밀폐용기에 넣은 것/ 훈제한 것 이외 기타)","수입","10","115","758","19568","2022-04-30"
"2022-04","1605109000","I","게 조제품(게살 이외 기타)","수입","2936","29246","10708","116440","2022-04-30"
"2022-04","1605211000","I","새우류(조제 또는 저장처리)(밀폐용기에 넣지 아니한 것)(브레드한 것)","수입","1193064","8369892","4265077","29506407","2022-04-30"
"2022-04","1605219000","I","새우류(조제 또는 저장처리)(밀폐용기에 넣지 아니한 것)(기타)","수입","648650","7837288","2692200","31523372","2022-04-30"
"2022-04","1605290000","I","새우류(조제 또는 저장처리)","수입","1544","12724","6496","45669","2022-04-30"
"2022-04","1605301000","I","바다가재(밀폐용기에넣은것)","수입","0","0","91","7454","2022-04-30"
"2022-04","1605309000","I","바다가재(통조림외)","수입","0","0","53467","207406","2022-04-30"
"2022-04","1605409000","I","갑각류 조제품(게/새우/바다가재기타/밀폐용기에넣은것이외기타)","수입","268","2232","783","7011","2022-04-30"
"2022-04","1605511000","I","굴(조제 또는 저장처리)(밀폐용기에 넣은 것)","수입","48","908","160","3232","2022-04-30"
"2022-04","1605519000","I","굴(조제 또는 저장처리)(기타)","수입","496","3887","1159","10168","2022-04-30"
"2022-04","1605520000","I","가리비과의조개(조제/저장/기타/ 밀폐용기에 넣은 것 포함)","수입","216742","1659843","668743","4597587","2022-04-30"
"2022-04","1605529000","I","가리비과의 조개(조제 또는 저장처리)(기타)","수입","0","0","12600","87459","2022-04-30"
"2022-04","1605531000","I","홍합(조제 또는 저장처리)(밀폐용기에 넣은 것)","수입","216","2224","217","2237","2022-04-30"
"2022-04","1605539000","I","홍합(조제 또는 저장처리)(기타)","수입","475107","1528837","1590218","5236087","2022-04-30"
"2022-04","1605541000","I","갑오징어/ 기타조제저장처리갑오징어(밀폐용기에넣은것 포함/ 밀폐용기이외)","수입","4614","42292","27872","115897","2022-04-30"
"2022-04","1605542010","I","오징어(조제 또는 저장처리)(밀폐용기에 넣은 것)","수입","970","18953","2012","42804","2022-04-30"
"2022-04","1605542091","I","조미오징어(조제 또는 저장처리)(밀폐용기에 넣은 것)","수입","826217","3615067","2839524","13438087","2022-04-30"
"2022-04","1605542099","I","오징어 기타(조제 또는 저장처리)","수입","2304643","8195630","7881145","27136193","2022-04-30"
"2022-04","1605550000","I","문어/ 기타조제저장처리문어(밀폐용기에넣은것 포함/ 밀폐용기이외)","수입","486212","3506763","1743502","12492946","2022-04-30"
"2022-04","1605559000","I","문어(조제 또는 저장처리)(기타)","수입","0","0","25200","136787","2022-04-30"
"2022-04","1605561010","I","바지락(조제 또는 저장처리)(밀폐용기에 넣은 것)","수입","0","0","9521","61647","2022-04-30"
"2022-04","1605561090","I","바지락(조제 또는 저장처리)(기타)","수입","366418","886027","1585038","3945459","2022-04-30"
"2022-04","1605562010","I","새조개(조제 또는 저장처리)(밀폐용기에 넣은 것)","수입","7","212","7","212","2022-04-30"
"2022-04","1605569010","I","클램/ 새조개 및 피조개 기타(조제 또는 저장처리)(밀폐용기에 넣은 것)","수입","8","196","10","353","2022-04-30"
"2022-04","1605569090","I","클램/ 새조개 및 피조개 기타(조제 또는 저장처리)(기타)","수입","17198","73480","90768","347405","2022-04-30"
"2022-04","1605571000","I","전복(밀폐용기에넣은것)","수입","0","0","98","9175","2022-04-30"
"2022-04","1605579000","I","전복(조제 또는 저장처리) 기타","수입","89511","1444581","290701","5108101","2022-04-30"
"2022-04","1605581000","I","달팽이(조제 또는 저장처리)(밀폐용기에 넣은 것)","수입","0","0","419","8483","2022-04-30"
"2022-04","1605589000","I","달팽이(조제 또는 저장처리)(기타)","수입","107","1158","7413","207276","2022-04-30"
"2022-04","1605591090","I","골뱅이(조제 또는 저장처리)(기타)","수입","268428","2852186","1140735","13047238","2022-04-30"
"2022-04","1605592090","I","소라(조제 또는 저장처리)기타","수입","101135","411004","569695","2531601","2022-04-30"
"2022-04","1605599010","I","연체동물 기타(조제 또는 저장처리)(밀폐용기에 넣은 것)","수입","0","0","2","162","2022-04-30"
"2022-04","1605599090","I","연체동물 기타(조제 또는 저장처리)(기타)","수입","349059","1354654","1318062","5942736","2022-04-30"
"2022-04","1605619000","I","해삼(조제 또는 저장처리)기타","수입","8203","595893","58298","3960426","2022-04-30"
"2022-04","1605621000","I","성게(조제 또는 저장처리)(밀폐용기에 넣은 것)","수입","0","0","1","33","2022-04-30"
"2022-04","1605629000","I","성게(조제 또는 저장처리)(기타)","수입","377","20315","571","29860","2022-04-30"
"2022-04","1605639000","I","해파리(조제 또는 저장처리)(기타)","수입","2848","32580","10731","129186","2022-04-30"
"2022-04","1605690000","I","기타조제저장처리수생무척추동물(밀폐용기에넣은것 포함/ 밀폐용기에 넣지 않은 것)-해삼/성게/해파리제외","수입","3227","33368","26438","236592","2022-04-30"
"2022-04","1605691000","I","기타 수생무척추동물의 기타(밀폐용기에넣은걱)","수입","0","0","62","770","2022-04-30"
"2022-04","1605699000","I","기타 수생무척추동물의 기타(조제 또는 저장처리)(기타)","수입","0","0","11202","57340","2022-04-30"
"2022-04","2008995010","I","김","수입","14406","144965","22368","403846","2022-04-30"
"2022-04","2008995090","I","조제한 해조류 김 제외","수입","13670","129844","31554","279101","2022-04-30"
"2022-04","2102203010","I","클로렐라 효모(둥글넓적한 것)","수입","1","1122","401","17216","2022-04-30"
"2022-04","2102203090","I","클로렐라 효모(기타)","수입","2006","35423","5793","123950","2022-04-30"
"2022-04","2102204010","I","스리루리나 효모(둥글넓적한 것)","수입","1179","43614","7998","196820","2022-04-30"
"2022-04","2102204090","I","스리루리나 효모(기타)","수입","9434","667607","46873","2933506","2022-04-30"
"2022-04","2104102000","I","어류의 수우프/ 브로드와 수우프 브로드 제조용 조제품","수입","20","401","5685","33900","2022-04-30"
"2022-04","2301201000","I","어류의 분.조분 및 펠리트","수입","2720577","5024898","18991348","35125574","2022-04-30"
"2022-04","2301209000","I","어류외기타 분.조분 및 펠리트","수입","8","98","585261","872060","2022-04-30"
"2022-04","2501001010","I","암염(岩鹽)","수입","96712","89681","1269949","449470","2022-04-30"
"2022-04","2501001020","I","천일염","수입","343956436","14892185","1434019201","58808712","2022-04-30"
"2022-04","2501009010","I","식염","수입","12780708","1643038","72717703","10472103","2022-04-30"
"2022-04","2501009020","I","순염화나트륨","수입","1314341","620113","5614058","4447310","2022-04-30"
"2022-04","2501009090","I","기타소금/해수","수입","1934814","446255","19792267","3044125","2022-04-30"
"2022-04","7101210000","I","양식진주(가공하지않은것)","수입","204","165962","616","253452","2022-04-30"
"2022-04","7101220000","I","양식진주(가공한것)","수입","184","337241","541","996681","2022-04-30"
"2022-04","7116101000","I","천연진주로만든 것","수입","7","1289","38","12795","2022-04-30"
"2022-04","7116102000","I","양식진주로 만든 것","수입","461","230136","3290","789191","2022-04-30"
"2022-04","9601901090","I","패각(기타)","수입","3266","22842","17147","182499","2022-04-30"
"2022-04","9606291000","I","조개껍질로 만든것","수입","467","48505","2679","172859","2022-04-30"
